Workbook

Sheet Precipitacion
A2: VARIABLE | B2: PRECIPITACION (mm) | C2: MES | D2: =VLOOKUP(E2,Maximos!AS1:AU13,2,FALSE) -> JUNIO | E2: 6 | F2: AÑO | G2: 2026 | H2: DIAS | I2: =VLOOKUP(E2,Maximos!AS1:AU13,3,FALSE) -> 30 | J2: Máximo | K2: =MAX(K5:K798) -> 114 | L2: =MAX(L5:L798) -> 150 | M2: =MAX(M5:M798) -> 136 | N2: =MAX(N5:N798) -> 153 | O2: =MAX(O5:O798) -> 119 | P2: =MAX(P5:P798) -> 134.6 | Q2: =MAX(Q5:Q798) -> 145 | R2: =MAX(R5:R798) -> 136 | ... AO2: =MAX(AO5:AO798) -> 0 | AP2: =MAX(K2:AO2) -> 157
A4: CODIGO | B4: ESTACION | C4: AREA_OP | D4: LON | E4: LAT | F4: ELEV | G4: COD_DPTO | H4: COD_MUNICIPIO | I4: DEPARTAMENTO | J4: MUNICIPIO | K4: 1 | L4: 2 | M4: 3 | N4: 4 | O4: 5 | P4: 6 | Q4: 7 | R4: 8 | S4: 9 | T4: 10 | U4: 11 | V4: 12 | W4: 13 | X4: 14 | Y4: 15 | Z4: 16 | AA4: 17 | AB4: 18 | AC4: 19 | AD4: 20 | AE4: 21 | AF4: 22 | AG4: 23 | AH4: 24 | AI4: 25 | AJ4: 26 | AK4: 27 | AL4: 28 | AM4: 29 | AN4: 30 | AO4: 31 | AP4: NUM_DATOS | AQ4: PREC_MENSUAL | AR4: MEDIA_MULTIANUAL | AS4: ANOMALIA_R | AT4: ANOMALIA_P | AU4: MAX_MES | AV4: MAX_HISTORICO | AW4: FECHA | AX4: DIFERENCIA
A5: 17015010 | B5: Aeropuerto Sesquicentenario | C5: Met_Aeronautica | D5: -81.703889 | E5: 12.586944 | F5: 1 | G5: 88 | H5: 88001 | I5: Archipiélago de San Andres, Providencia y Santa Catalina | J5: San Andrés | K5: 0.2 | L5: 1.4 | M5: 0.9 | N5: 0.2 | O5: 1.3 | P5: 26.6 | Q5: 1.2 | R5: 57.8 | S5: 3.4 | T5: 2.4 | U5: 0 | V5: 2.4 | W5: 0 | X5: 0.1 | Y5: 0 | Z5: 0.8 | AA5: 0 | AB5: 2.3 | AC5: 0.2 | AD5: 10.8 | AE5: 0.2 | AF5: 4.3 | AG5: 1.1 | AH5: 1.8 | AI5: 1.6 | AJ5: 0 | AK5: 0 | AL5: 0.6 | AM5: 0 | AN5: 3 | AP5: =COUNTIF(K5:AO5,">=0") -> 30 | AQ5: =IF(AP5>0,SUM(K5:AO5),"") -> 124.6 | AR5: =IFERROR(VLOOKUP(A5,Climatologia_PP!A:U,9+Precipitacion!$E$2,FALSE),"") -> 196.025 | AS5: =IFERROR((AQ5/AR5)*100,"") -> 63.563321 | AT5: =IFERROR(IF(AND((AQ5*$I$2*100/(AR5*AP5))>100+3.33*AQ5-AR5*AP5/$I$2,AR5<30),IF(100+3.33*AQ5-AR5*AP5/$I$2>200,200,100+3.33*AQ5-AR5*AP5/$I$2),IF((AQ5*$I$2*100/(AR5*AP5))<100+AQ5-3.33*AR5*AP5/$I$2,100+AQ5-3.33*AR5*AP5/$I$2,IF((AQ5*$I$2*100/(AR5*AP5))>200,200,(AQ5*$I$2*100/(AR5*AP5))))),"") -> 63.563321 | AU5: =IF(AP5>0,MAX(K5:AO5),"") -> 57.8 | AV5: =IFERROR(VLOOKUP(A5,Maximos!A:AQ,8+(Precipitacion!$E$2-1)*3,FALSE),"") -> 192.7 | AW5: {=IFERROR( _xlfn.LET( _xlpm.mesNum, E$2, _xlpm.mesTxt, INDEX({"ENERO","FEBRERO","MARZO","ABRIL","MAYO","JUNIO","JULIO","AGOSTO","SEPTIEMBRE","OCTUBRE","NOVIEMBRE","DICIEMBRE"}, _xlpm.mesNum), _xlpm.colIni, MATCH(_xlpm.mesTxt, Maximos!$1:$1, 0), _xlpm.fila, MATCH($A5, Maximos!$A:$A, 0), _xlpm.anio, INDEX(Maximos!$A:$ZZ, _xlpm.fila, _xlpm.colIni+1), _xlpm.dia, INDEX(Maximos!$A:$ZZ, _xlpm.fila, _xlpm.colIni+2), IF(OR(_xlpm.anio="",_xlpm.dia=""), "No aplica", DATE(_xlpm.anio, _xlpm.mesNum, _xlpm.dia)) ), "")} -> 45816 | AX5: =IFERROR(AU5-AV5,"NA") -> -134.9
A6: 17025020 | B6: Aeropuerto El Embrujo | C6: Met_Aeronautica | D6: -81.357722 | E6: 13.3595 | F6: 7 | G6: 88 | H6: 88564 | I6: Archipiélago de San Andres, Providencia y Santa Catalina | J6: Providencia | K6: 0 | L6: 0 | M6: 0 | N6: 0 | O6: 0 | P6: 0 | Q6: 0 | R6: 11.2 | S6: 0 | T6: 0 | U6: 0 | V6: 0 | W6: 0 | X6: 0 | Y6: 2.8 | Z6: 1.4 | AA6: 0 | AB6: 0 | AC6: 1.2 | AD6: 0.7 | AE6: 0 | AF6: 0 | AG6: 0 | AH6: 0 | AI6: 0 | AJ6: 1.5 | AK6: 0 | AL6: 0 | AM6: 0 | AN6: 0 | AP6: =COUNTIF(K6:AO6,">=0") -> 30 | AQ6: =IF(AP6>0,SUM(K6:AO6),"") -> 18.8 | AR6: =IFERROR(VLOOKUP(A6,Climatologia_PP!A:U,9+Precipitacion!$E$2,FALSE),"") -> 154.54444 | AS6: =IFERROR((AQ6/AR6)*100,"") -> 12.164785 | AT6: =IFERROR(IF(AND((AQ6*$I$2*100/(AR6*AP6))>100+3.33*AQ6-AR6*AP6/$I$2,AR6<30),IF(100+3.33*AQ6-AR6*AP6/$I$2>200,200,100+3.33*AQ6-AR6*AP6/$I$2),IF((AQ6*$I$2*100/(AR6*AP6))<100+AQ6-3.33*AR6*AP6/$I$2,100+AQ6-3.33*AR6*AP6/$I$2,IF((AQ6*$I$2*100/(AR6*AP6))>200,200,(AQ6*$I$2*100/(AR6*AP6))))),"") -> 12.164785 | AU6: =IF(AP6>0,MAX(K6:AO6),"") -> 11.2 | AV6: =IFERROR(VLOOKUP(A6,Maximos!A:AQ,8+(Precipitacion!$E$2-1)*3,FALSE),"") -> 188.7 | AW6: {=IFERROR( _xlfn.LET( _xlpm.mesNum, E$2, _xlpm.mesTxt, INDEX({"ENERO","FEBRERO","MARZO","ABRIL","MAYO","JUNIO","JULIO","AGOSTO","SEPTIEMBRE","OCTUBRE","NOVIEMBRE","DICIEMBRE"}, _xlpm.mesNum), _xlpm.colIni, MATCH(_xlpm.mesTxt, Maximos!$1:$1, 0), _xlpm.fila, MATCH($A6, Maximos!$A:$A, 0), _xlpm.anio, INDEX(Maximos!$A:$ZZ, _xlpm.fila, _xlpm.colIni+1), _xlpm.dia, INDEX(Maximos!$A:$ZZ, _xlpm.fila, _xlpm.colIni+2), IF(OR(_xlpm.anio="",_xlpm.dia=""), "No aplica", DATE(_xlpm.anio, _xlpm.mesNum, _xlpm.dia)) ), "")} -> 39971 | AX6: =IFERROR(AU6-AV6,"NA") -> -177.5
A7: 15015050 | B7: Aeropuerto Simón Bolívar | C7: Met_Aeronautica | D7: -74.228889 | E7: 11.128333 | F7: 4 | G7: 47 | H7: 47001 | I7: Magdalena | J7: Santa Marta | K7: 0 | L7: 2.3 | M7: 0.1 | N7: 0.9 | O7: 32.8 | P7: 1.5 | Q7: 0 | R7: 0 | S7: 2 | T7: 0 | U7: 0 | V7: 0 | W7: 0 | X7: 0 | Y7: 1.8 | Z7: 0 | AA7: 6.6 | AB7: 0 | AC7: 0 | AD7: 0 | AE7: 0 | AF7: 0 | AG7: 0 | AH7: 0 | AI7: 0 | AJ7: 0 | AK7: 0 | AL7: 0 | AM7: 0 | AN7: 0 | AP7: =COUNTIF(K7:AO7,">=0") -> 30 | AQ7: =IF(AP7>0,SUM(K7:AO7),"") -> 48 | AR7: =IFERROR(VLOOKUP(A7,Climatologia_PP!A:U,9+Precipitacion!$E$2,FALSE),"") -> 60.189286 | AS7: =IFERROR((AQ7/AR7)*100,"") -> 79.748413 | AT7: =IFERROR(IF(AND((AQ7*$I$2*100/(AR7*AP7))>100+3.33*AQ7-AR7*AP7/$I$2,AR7<30),IF(100+3.33*AQ7-AR7*AP7/$I$2>200,200,100+3.33*AQ7-AR7*AP7/$I$2),IF((AQ7*$I$2*100/(AR7*AP7))<100+AQ7-3.33*AR7*AP7/$I$2,100+AQ7-3.33*AR7*AP7/$I$2,IF((AQ7*$I$2*100/(AR7*AP7))>200,200,(AQ7*$I$2*100/(AR7*AP7))))),"") -> 79.748413 | AU7: =IF(AP7>0,MAX(K7:AO7),"") -> 32.8 | AV7: =IFERROR(VLOOKUP(A7,Maximos!A:AQ,8+(Precipitacion!$E$2-1)*3,FALSE),"") -> 105 | AW7: {=IFERROR( _xlfn.LET( _xlpm.mesNum, E$2, _xlpm.mesTxt, INDEX({"ENERO","FEBRERO","MARZO","ABRIL","MAYO","JUNIO","JULIO","AGOSTO","SEPTIEMBRE","OCTUBRE","NOVIEMBRE","DICIEMBRE"}, _xlpm.mesNum), _xlpm.colIni, MATCH(_xlpm.mesTxt, Maximos!$1:$1, 0), _xlpm.fila, MATCH($A7, Maximos!$A:$A, 0), _xlpm.anio, INDEX(Maximos!$A:$ZZ, _xlpm.fila, _xlpm.colIni+1), _xlpm.dia, INDEX(Maximos!$A:$ZZ, _xlpm.fila, _xlpm.colIni+2), IF(OR(_xlpm.anio="",_xlpm.dia=""), "No aplica", DATE(_xlpm.anio, _xlpm.mesNum, _xlpm.dia)) ), "")} -> 35973 | AX7: =IFERROR(AU7-AV7,"NA") -> -72.2
A8: 14015080 | B8: Aeropuerto Rafael Nuñez | C8: Met_Aeronautica | D8: -75.516028 | E8: 10.44725 | F8: 2 | G8: 13 | H8: 13001 | I8: Bolívar | J8: Cartagena De Indias | K8: 0.2 | L8: 4 | M8: 0 | N8: 0 | O8: 0 | P8: 26 | Q8: 0 | R8: 1.8 | S8: 0 | T8: 0 | U8: 0 | V8: 0 | W8: 0 | X8: 1.4 | Y8: 30.3 | Z8: 0 | AA8: 0.9 | AB8: 0 | AC8: 0 | AD8: 8 | AE8: 0 | AF8: 0 | AG8: 0 | AH8: 0 | AI8: 0 | AJ8: 0 | AK8: 0 | AL8: 0 | AM8: 0 | AN8: 0 | AP8: =COUNTIF(K8:AO8,">=0") -> 30 | AQ8: =IF(AP8>0,SUM(K8:AO8),"") -> 72.6 | AR8: =IFERROR(VLOOKUP(A8,Climatologia_PP!A:U,9+Precipitacion!$E$2,FALSE),"") -> 92.517241 | AS8: =IFERROR((AQ8/AR8)*100,"") -> 78.47186 | AT8: =IFERROR(IF(AND((AQ8*$I$2*100/(AR8*AP8))>100+3.33*AQ8-AR8*AP8/$I$2,AR8<30),IF(100+3.33*AQ8-AR8*AP8/$I$2>200,200,100+3.33*AQ8-AR8*AP8/$I$2),IF((AQ8*$I$2*100/(AR8*AP8))<100+AQ8-3.33*AR8*AP8/$I$2,100+AQ8-3.33*AR8*AP8/$I$2,IF((AQ8*$I$2*100/(AR8*AP8))>200,200,(AQ8*$I$2*100/(AR8*AP8))))),"") -> 78.47186 | AU8: =IF(AP8>0,MAX(K8:AO8),"") -> 30.3 | AV8: =IFERROR(VLOOKUP(A8,Maximos!A:AQ,8+(Precipitacion!$E$2-1)*3,FALSE),"") -> 129.3 | AW8: {=IFERROR( _xlfn.LET( _xlpm.mesNum, E$2, _xlpm.mesTxt, INDEX({"ENERO","FEBRERO","MARZO","ABRIL","MAYO","JUNIO","JULIO","AGOSTO","SEPTIEMBRE","OCTUBRE","NOVIEMBRE","DICIEMBRE"}, _xlpm.mesNum), _xlpm.colIni, MATCH(_xlpm.mesTxt, Maximos!$1:$1, 0), _xlpm.fila, MATCH($A8, Maximos!$A:$A, 0), _xlpm.anio, INDEX(Maximos!$A:$ZZ, _xlpm.fila, _xlpm.colIni+1), _xlpm.dia, INDEX(Maximos!$A:$ZZ, _xlpm.fila, _xlpm.colIni+2), IF(OR(_xlpm.anio="",_xlpm.dia=""), "No aplica", DATE(_xlpm.anio, _xlpm.mesNum, _xlpm.dia)) ), "")} -> 44739 | AX8: =IFERROR(AU8-AV8,"NA") -> -99
A9: 29045190 | B9: Aeropuerto Ernesto Cortissoz - AUT | C9: Met_Aeronautica | D9: -74.779722 | E9: 10.917778 | F9: 14 | G9: 8 | H9: 8758 | I9: Atlántico | J9: Soledad | AP9: =COUNTIF(K9:AO9,">=0") -> 0 | AQ9: =IF(AP9>0,SUM(K9:AO9),"") | AR9: =IFERROR(VLOOKUP(A9,Climatologia_PP!A:U,9+Precipitacion!$E$2,FALSE),"") -> 87.478571 | AS9: =IFERROR((AQ9/AR9)*100,"") | AT9: =IFERROR(IF(AND((AQ9*$I$2*100/(AR9*AP9))>100+3.33*AQ9-AR9*AP9/$I$2,AR9<30),IF(100+3.33*AQ9-AR9*AP9/$I$2>200,200,100+3.33*AQ9-AR9*AP9/$I$2),IF((AQ9*$I$2*100/(AR9*AP9))<100+AQ9-3.33*AR9*AP9/$I$2,100+AQ9-3.33*AR9*AP9/$I$2,IF((AQ9*$I$2*100/(AR9*AP9))>200,200,(AQ9*$I$2*100/(AR9*AP9))))),"") | AU9: =IF(AP9>0,MAX(K9:AO9),"") | AV9: =IFERROR(VLOOKUP(A9,Maximos!A:AQ,8+(Precipitacion!$E$2-1)*3,FALSE),"") -> 104.1 | AW9: {=IFERROR( _xlfn.LET( _xlpm.mesNum, E$2, _xlpm.mesTxt, INDEX({"ENERO","FEBRERO","MARZO","ABRIL","MAYO","JUNIO","JULIO","AGOSTO","SEPTIEMBRE","OCTUBRE","NOVIEMBRE","DICIEMBRE"}, _xlpm.mesNum), _xlpm.colIni, MATCH(_xlpm.mesTxt, Maximos!$1:$1, 0), _xlpm.fila, MATCH($A9, Maximos!$A:$A, 0), _xlpm.anio, INDEX(Maximos!$A:$ZZ, _xlpm.fila, _xlpm.colIni+1), _xlpm.dia, INDEX(Maximos!$A:$ZZ, _xlpm.fila, _xlpm.colIni+2), IF(OR(_xlpm.anio="",_xlpm.dia=""), "No aplica", DATE(_xlpm.anio, _xlpm.mesNum, _xlpm.dia)) ), "")} -> 17686 | AX9: =IFERROR(AU9-AV9,"NA") -> NA
A10: 15065180 | B10: Aeropuerto Almirante Padilla | C10: Met_Aeronautica | D10: -72.917667 | E10: 11.529611 | F10: 4 | G10: 44 | H10: 44001 | I10: La Guajira | J10: Riohacha | K10: 0 | L10: 0 | M10: 2 | N10: 8 | O10: 0 | P10: 84 | Q10: 0.7 | R10: 0 | S10: 0.7 | T10: 0 | U10: 0 | V10: 0 | W10: 0 | X10: 0 | Y10: 0 | Z10: 0 | AA10: 0 | AB10: 0 | AC10: 0 | AD10: 0 | AE10: 0 | AF10: 0 | AG10: 0 | AH10: 0 | AI10: 0 | AJ10: 0 | AK10: 0 | AL10: 0 | AM10: 0 | AN10: 0 | AP10: =COUNTIF(K10:AO10,">=0") -> 30 | AQ10: =IF(AP10>0,SUM(K10:AO10),"") -> 95.4 | AR10: =IFERROR(VLOOKUP(A10,Climatologia_PP!A:U,9+Precipitacion!$E$2,FALSE),"") -> 50.707692 | AS10: =IFERROR((AQ10/AR10)*100,"") -> 188.13714 | AT10: =IFERROR(IF(AND((AQ10*$I$2*100/(AR10*AP10))>100+3.33*AQ10-AR10*AP10/$I$2,AR10<30),IF(100+3.33*AQ10-AR10*AP10/$I$2>200,200,100+3.33*AQ10-AR10*AP10/$I$2),IF((AQ10*$I$2*100/(AR10*AP10))<100+AQ10-3.33*AR10*AP10/$I$2,100+AQ10-3.33*AR10*AP10/$I$2,IF((AQ10*$I$2*100/(AR10*AP10))>200,200,(AQ10*$I$2*100/(AR10*AP10))))),"") -> 188.13714 | AU10: =IF(AP10>0,MAX(K10:AO10),"") -> 84 | AV10: =IFERROR(VLOOKUP(A10,Maximos!A:AQ,8+(Precipitacion!$E$2-1)*3,FALSE),"") -> 130.4 | AW10: {=IFERROR( _xlfn.LET( _xlpm.mesNum, E$2, _xlpm.mesTxt, INDEX({"ENERO","FEBRERO","MARZO","ABRIL","MAYO","JUNIO","JULIO","AGOSTO","SEPTIEMBRE","OCTUBRE","NOVIEMBRE","DICIEMBRE"}, _xlpm.mesNum), _xlpm.colIni, MATCH(_xlpm.mesTxt, Maximos!$1:$1, 0), _xlpm.fila, MATCH($A10, Maximos!$A:$A, 0), _xlpm.anio, INDEX(Maximos!$A:$ZZ, _xlpm.fila, _xlpm.colIni+1), _xlpm.dia, INDEX(Maximos!$A:$ZZ, _xlpm.fila, _xlpm.colIni+2), IF(OR(_xlpm.anio="",_xlpm.dia=""), "No aplica", DATE(_xlpm.anio, _xlpm.mesNum, _xlpm.dia)) ), "")} -> 37411 | AX10: =IFERROR(AU10-AV10,"NA") -> -46.4
A11: 28025502 | B11: Aeropuerto Alfonso López | C11: Met_Aeronautica | D11: -73.247667 | E11: 10.436167 | F11: 138 | G11: 20 | H11: 20001 | I11: Cesar | J11: Valledupar | K11: 0 | L11: 0 | M11: 1.1 | N11: 15.2 | O11: 1.3 | P11: 10.8 | Q11: 0.9 | R11: 0.2 | S11: 2.7 | T11: 0 | U11: 0 | V11: 16.2 | W11: 0 | X11: 0 | Y11: 5.2 | Z11: 1.8 | AA11: 0 | AB11: 0 | AC11: 0 | AD11: 1.2 | AE11: 0 | AF11: 0 | AG11: 0 | AH11: 0 | AI11: 0 | AJ11: 0 | AK11: 0 | AL11: 0 | AM11: 0 | AN11: 0 | AP11: =COUNTIF(K11:AO11,">=0") -> 30 | AQ11: =IF(AP11>0,SUM(K11:AO11),"") -> 56.6 | AR11: =IFERROR(VLOOKUP(A11,Climatologia_PP!A:U,9+Precipitacion!$E$2,FALSE),"") -> 88.37037 | AS11: =IFERROR((AQ11/AR11)*100,"") -> 64.048617 | AT11: =IFERROR(IF(AND((AQ11*$I$2*100/(AR11*AP11))>100+3.33*AQ11-AR11*AP11/$I$2,AR11<30),IF(100+3.33*AQ11-AR11*AP11/$I$2>200,200,100+3.33*AQ11-AR11*AP11/$I$2),IF((AQ11*$I$2*100/(AR11*AP11))<100+AQ11-3.33*AR11*AP11/$I$2,100+AQ11-3.33*AR11*AP11/$I$2,IF((AQ11*$I$2*100/(AR11*AP11))>200,200,(AQ11*$I$2*100/(AR11*AP11))))),"") -> 64.048617 | AU11: =IF(AP11>0,MAX(K11:AO11),"") -> 16.2 | AV11: =IFERROR(VLOOKUP(A11,Maximos!A:AQ,8+(Precipitacion!$E$2-1)*3,FALSE),"") -> 74.8 | AW11: {=IFERROR( _xlfn.LET( _xlpm.mesNum, E$2, _xlpm.mesTxt, INDEX({"ENERO","FEBRERO","MARZO","ABRIL","MAYO","JUNIO","JULIO","AGOSTO","SEPTIEMBRE","OCTUBRE","NOVIEMBRE","DICIEMBRE"}, _xlpm.mesNum), _xlpm.colIni, MATCH(_xlpm.mesTxt, Maximos!$1:$1, 0), _xlpm.fila, MATCH($A11, Maximos!$A:$A, 0), _xlpm.anio, INDEX(Maximos!$A:$ZZ, _xlpm.fila, _xlpm.colIni+1), _xlpm.dia, INDEX(Maximos!$A:$ZZ, _xlpm.fila, _xlpm.colIni+2), IF(OR(_xlpm.anio="",_xlpm.dia=""), "No aplica", DATE(_xlpm.anio, _xlpm.mesNum, _xlpm.dia)) ), "")} -> 37413 | AX11: =IFERROR(AU11-AV11,"NA") -> -58.6
A12: 13035501 | B12: Aeropuerto Los Garzones | C12: Met_Aeronautica | D12: -75.825139 | E12: 8.8258333 | F12: 20 | G12: 23 | H12: 23001 | I12: Córdoba | J12: Montería | K12: 0 | L12: 0 | M12: 0.3 | N12: 0 | O12: 0 | P12: 16.8 | Q12: 1.3 | R12: 0.4 | S12: 0.6 | T12: 0 | U12: 0 | V12: 0 | W12: 15.1 | X12: 2.3 | Y12: 14.4 | Z12: 12.7 | AA12: 2.3 | AB12: 1.3 | AC12: 0 | AD12: 0 | AE12: 0 | AF12: 4.8 | AG12: 0 | AH12: 0 | AI12: 2.4 | AJ12: 0 | AK12: 0 | AL12: 0 | AM12: 0 | AN12: 0 | AP12: =COUNTIF(K12:AO12,">=0") -> 30 | AQ12: =IF(AP12>0,SUM(K12:AO12),"") -> 74.7 | AR12: =IFERROR(VLOOKUP(A12,Climatologia_PP!A:U,9+Precipitacion!$E$2,FALSE),"") -> 164.5 | AS12: =IFERROR((AQ12/AR12)*100,"") -> 45.410334 | AT12: =IFERROR(IF(AND((AQ12*$I$2*100/(AR12*AP12))>100+3.33*AQ12-AR12*AP12/$I$2,AR12<30),IF(100+3.33*AQ12-AR12*AP12/$I$2>200,200,100+3.33*AQ12-AR12*AP12/$I$2),IF((AQ12*$I$2*100/(AR12*AP12))<100+AQ12-3.33*AR12*AP12/$I$2,100+AQ12-3.33*AR12*AP12/$I$2,IF((AQ12*$I$2*100/(AR12*AP12))>200,200,(AQ12*$I$2*100/(AR12*AP12))))),"") -> 45.410334 | AU12: =IF(AP12>0,MAX(K12:AO12),"") -> 16.8 | AV12: =IFERROR(VLOOKUP(A12,Maximos!A:AQ,8+(Precipitacion!$E$2-1)*3,FALSE),"") -> 148 | AW12: {=IFERROR( _xlfn.LET( _xlpm.mesNum, E$2, _xlpm.mesTxt, INDEX({"ENERO","FEBRERO","MARZO","ABRIL","MAYO","JUNIO","JULIO","AGOSTO","SEPTIEMBRE","OCTUBRE","NOVIEMBRE","DICIEMBRE"}, _xlpm.mesNum), _xlpm.colIni, MATCH(_xlpm.mesTxt, Maximos!$1:$1, 0), _xlpm.fila, MATCH($A12, Maximos!$A:$A, 0), _xlpm.anio, INDEX(Maximos!$A:$ZZ, _xlpm.fila, _xlpm.colIni+1), _xlpm.dia, INDEX(Maximos!$A:$ZZ, _xlpm.fila, _xlpm.colIni+2), IF(OR(_xlpm.anio="",_xlpm.dia=""), "No aplica", DATE(_xlpm.anio, _xlpm.mesNum, _xlpm.dia)) ), "")} -> 27922 | AX12: =IFERROR(AU12-AV12,"NA") -> -131.2
A13: 23155030 | B13: Aeropuerto Yariguies | C13: Met_Aeronautica | D13: -73.808611 | E13: 7.0263889 | F13: 126 | G13: 68 | H13: 68081 | I13: Santander | J13: Barrancabermeja | K13: 0 | L13: 0 | M13: 72.4 | N13: 1.8 | O13: 0 | P13: 134.6 | Q13: 2.4 | R13: 1.2 | S13: 31 | T13: 0 | U13: 0.4 | V13: 0 | W13: 0 | X13: 0 | Y13: 0 | Z13: 0.5 | AA13: 2.4 | AB13: 36.7 | AC13: 0 | AD13: 52.6 | AE13: 0 | AF13: 0 | AG13: 0 | AH13: 0 | AI13: 0 | AJ13: 0 | AK13: 0 | AL13: 0 | AM13: 0 | AN13: 0 | AP13: =COUNTIF(K13:AO13,">=0") -> 30 | AQ13: =IF(AP13>0,SUM(K13:AO13),"") -> 336 | AR13: =IFERROR(VLOOKUP(A13,Climatologia_PP!A:U,9+Precipitacion!$E$2,FALSE),"") -> 256.56786 | AS13: =IFERROR((AQ13/AR13)*100,"") -> 130.95951 | AT13: =IFERROR(IF(AND((AQ13*$I$2*100/(AR13*AP13))>100+3.33*AQ13-AR13*AP13/$I$2,AR13<30),IF(100+3.33*AQ13-AR13*AP13/$I$2>200,200,100+3.33*AQ13-AR13*AP13/$I$2),IF((AQ13*$I$2*100/(AR13*AP13))<100+AQ13-3.33*AR13*AP13/$I$2,100+AQ13-3.33*AR13*AP13/$I$2,IF((AQ13*$I$2*100/(AR13*AP13))>200,200,(AQ13*$I$2*100/(AR13*AP13))))),"") -> 130.95951 | AU13: =IF(AP13>0,MAX(K13:AO13),"") -> 134.6 | AV13: =IFERROR(VLOOKUP(A13,Maximos!A:AQ,8+(Precipitacion!$E$2-1)*3,FALSE),"") -> 129.2 | AW13: {=IFERROR( _xlfn.LET( _xlpm.mesNum, E$2, _xlpm.mesTxt, INDEX({"ENERO","FEBRERO","MARZO","ABRIL","MAYO","JUNIO","JULIO","AGOSTO","SEPTIEMBRE","OCTUBRE","NOVIEMBRE","DICIEMBRE"}, _xlpm.mesNum), _xlpm.colIni, MATCH(_xlpm.mesTxt, Maximos!$1:$1, 0), _xlpm.fila, MATCH($A13, Maximos!$A:$A, 0), _xlpm.anio, INDEX(Maximos!$A:$ZZ, _xlpm.fila, _xlpm.colIni+1), _xlpm.dia, INDEX(Maximos!$A:$ZZ, _xlpm.fila, _xlpm.colIni+2), IF(OR(_xlpm.anio="",_xlpm.dia=""), "No aplica", DATE(_xlpm.anio, _xlpm.mesNum, _xlpm.dia)) ), "")} -> 43627 | AX13: =IFERROR(AU13-AV13,"NA") -> 5.4
A14: 23195502 | B14: Aeropuerto Palonegro | C14: Met_Aeronautica | D14: -73.184528 | E14: 7.1214722 | F14: 1189 | G14: 68 | H14: 68406 | I14: Santander | J14: Lebrija | K14: 0 | L14: 19.3 | M14: 2.1 | N14: 2.1 | O14: 2.3 | P14: 13.3 | Q14: 1.1 | R14: 2.8 | S14: 0 | T14: 0 | U14: 0.2 | V14: 0 | W14: 0 | X14: 0 | Y14: 3.7 | Z14: 0 | AA14: 23.5 | AB14: 0 | AC14: 0 | AD14: 0 | AE14: 0 | AF14: 0 | AG14: 0 | AH14: 0 | AI14: 0 | AJ14: 0 | AK14: 0 | AL14: 0 | AM14: 0.8 | AN14: 19.7 | AP14: =COUNTIF(K14:AO14,">=0") -> 30 | AQ14: =IF(AP14>0,SUM(K14:AO14),"") -> 90.9 | AR14: =IFERROR(VLOOKUP(A14,Climatologia_PP!A:U,9+Precipitacion!$E$2,FALSE),"") -> 74.303704 | AS14: =IFERROR((AQ14/AR14)*100,"") -> 122.33576 | AT14: =IFERROR(IF(AND((AQ14*$I$2*100/(AR14*AP14))>100+3.33*AQ14-AR14*AP14/$I$2,AR14<30),IF(100+3.33*AQ14-AR14*AP14/$I$2>200,200,100+3.33*AQ14-AR14*AP14/$I$2),IF((AQ14*$I$2*100/(AR14*AP14))<100+AQ14-3.33*AR14*AP14/$I$2,100+AQ14-3.33*AR14*AP14/$I$2,IF((AQ14*$I$2*100/(AR14*AP14))>200,200,(AQ14*$I$2*100/(AR14*AP14))))),"") -> 122.33576 | AU14: =IF(AP14>0,MAX(K14:AO14),"") -> 23.5 | AV14: =IFERROR(VLOOKUP(A14,Maximos!A:AQ,8+(Precipitacion!$E$2-1)*3,FALSE),"") -> 69.7 | AW14: {=IFERROR( _xlfn.LET( _xlpm.mesNum, E$2, _xlpm.mesTxt, INDEX({"ENERO","FEBRERO","MARZO","ABRIL","MAYO","JUNIO","JULIO","AGOSTO","SEPTIEMBRE","OCTUBRE","NOVIEMBRE","DICIEMBRE"}, _xlpm.mesNum), _xlpm.colIni, MATCH(_xlpm.mesTxt, Maximos!$1:$1, 0), _xlpm.fila, MATCH($A14, Maximos!$A:$A, 0), _xlpm.anio, INDEX(Maximos!$A:$ZZ, _xlpm.fila, _xlpm.colIni+1), _xlpm.dia, INDEX(Maximos!$A:$ZZ, _xlpm.fila, _xlpm.colIni+2), IF(OR(_xlpm.anio="",_xlpm.dia=""), "No aplica", DATE(_xlpm.anio, _xlpm.mesNum, _xlpm.dia)) ), "")} -> 39973 | AX14: =IFERROR(AU14-AV14,"NA") -> -46.2
A15: 16015010 | B15: Aeropuerto Camilo Daza | C15: Met_Aeronautica | D15: -72.509167 | E15: 7.9302778 | F15: 250 | G15: 54 | H15: 54001 | I15: Norte de Santander | J15: San José De Cúcuta | K15: 0 | L15: 0 | M15: 0 | N15: 23.5 | O15: 0 | P15: 0 | Q15: 1.7 | R15: 0 | S15: 0 | T15: 0 | U15: 0 | V15: 0 | W15: 0 | X15: 0 | Y15: 0 | Z15: 0.2 | AA15: 0 | AB15: 0 | AC15: 0 | AD15: 0 | AE15: 0 | AF15: 0.1 | AG15: 0 | AH15: 0 | AI15: 0 | AJ15: 0 | AK15: 0 | AL15: 0 | AM15: 0 | AN15: 0.1 | AP15: =COUNTIF(K15:AO15,">=0") -> 30 | AQ15: =IF(AP15>0,SUM(K15:AO15),"") -> 25.6 | AR15: =IFERROR(VLOOKUP(A15,Climatologia_PP!A:U,9+Precipitacion!$E$2,FALSE),"") -> 42.536 | AS15: =IFERROR((AQ15/AR15)*100,"") -> 60.184314 | AT15: =IFERROR(IF(AND((AQ15*$I$2*100/(AR15*AP15))>100+3.33*AQ15-AR15*AP15/$I$2,AR15<30),IF(100+3.33*AQ15-AR15*AP15/$I$2>200,200,100+3.33*AQ15-AR15*AP15/$I$2),IF((AQ15*$I$2*100/(AR15*AP15))<100+AQ15-3.33*AR15*AP15/$I$2,100+AQ15-3.33*AR15*AP15/$I$2,IF((AQ15*$I$2*100/(AR15*AP15))>200,200,(AQ15*$I$2*100/(AR15*AP15))))),"") -> 60.184314 | AU15: =IF(AP15>0,MAX(K15:AO15),"") -> 23.5 | AV15: =IFERROR(VLOOKUP(A15,Maximos!A:AQ,8+(Precipitacion!$E$2-1)*3,FALSE),"") -> 74.3 | AW15: {=IFERROR( _xlfn.LET( _xlpm.mesNum, E$2, _xlpm.mesTxt, INDEX({"ENERO","FEBRERO","MARZO","ABRIL","MAYO","JUNIO","JULIO","AGOSTO","SEPTIEMBRE","OCTUBRE","NOVIEMBRE","DICIEMBRE"}, _xlpm.mesNum), _xlpm.colIni, MATCH(_xlpm.mesTxt, Maximos!$1:$1, 0), _xlpm.fila, MATCH($A15, Maximos!$A:$A, 0), _xlpm.anio, INDEX(Maximos!$A:$ZZ, _xlpm.fila, _xlpm.colIni+1), _xlpm.dia, INDEX(Maximos!$A:$ZZ, _xlpm.fila, _xlpm.colIni+2), IF(OR(_xlpm.anio="",_xlpm.dia=""), "No aplica", DATE(_xlpm.anio, _xlpm.mesNum, _xlpm.dia)) ), "")} -> 38509 | AX15: =IFERROR(AU15-AV15,"NA") -> -50.8
A16: 12015070 | B16: Aeropuerto Los Cedros | C16: Met_Aeronautica | D16: -76.717889 | E16: 7.8163889 | F16: 41 | G16: 5 | H16: 5147 | I16: Antioquia | J16: Carepa | K16: 0 | L16: 29.1 | M16: 0 | N16: 2 | O16: 1.1 | P16: 3 | Q16: 0 | R16: 1.1 | S16: 0 | T16: 0 | U16: 0 | V16: 1.1 | W16: 0.4 | X16: 6.1 | Y16: 4.8 | Z16: 87.5 | AA16: 1.6 | AB16: 0.2 | AC16: 22.9 | AD16: 10.6 | AE16: 10.3 | AF16: 118.3 | AG16: 0.2 | AH16: 2.3 | AI16: 8.1 | AJ16: 0.4 | AK16: 0 | AL16: 13.1 | AM16: 0 | AN16: 6.2 | AP16: =COUNTIF(K16:AO16,">=0") -> 30 | AQ16: =IF(AP16>0,SUM(K16:AO16),"") -> 330.4 | AR16: =IFERROR(VLOOKUP(A16,Climatologia_PP!A:U,9+Precipitacion!$E$2,FALSE),"") -> 327.45714 | AS16: =IFERROR((AQ16/AR16)*100,"") -> 100.8987 | AT16: =IFERROR(IF(AND((AQ16*$I$2*100/(AR16*AP16))>100+3.33*AQ16-AR16*AP16/$I$2,AR16<30),IF(100+3.33*AQ16-AR16*AP16/$I$2>200,200,100+3.33*AQ16-AR16*AP16/$I$2),IF((AQ16*$I$2*100/(AR16*AP16))<100+AQ16-3.33*AR16*AP16/$I$2,100+AQ16-3.33*AR16*AP16/$I$2,IF((AQ16*$I$2*100/(AR16*AP16))>200,200,(AQ16*$I$2*100/(AR16*AP16))))),"") -> 100.8987 | AU16: =IF(AP16>0,MAX(K16:AO16),"") -> 118.3 | AV16: =IFERROR(VLOOKUP(A16,Maximos!A:AQ,8+(Precipitacion!$E$2-1)*3,FALSE),"") -> 217 | AW16: {=IFERROR( _xlfn.LET( _xlpm.mesNum, E$2, _xlpm.mesTxt, INDEX({"ENERO","FEBRERO","MARZO","ABRIL","MAYO","JUNIO","JULIO","AGOSTO","SEPTIEMBRE","OCTUBRE","NOVIEMBRE","DICIEMBRE"}, _xlpm.mesNum), _xlpm.colIni, MATCH(_xlpm.mesTxt, Maximos!$1:$1, 0), _xlpm.fila, MATCH($A16, Maximos!$A:$A, 0), _xlpm.anio, INDEX(Maximos!$A:$ZZ, _xlpm.fila, _xlpm.colIni+1), _xlpm.dia, INDEX(Maximos!$A:$ZZ, _xlpm.fila, _xlpm.colIni+2), IF(OR(_xlpm.anio="",_xlpm.dia=""), "No aplica", DATE(_xlpm.anio, _xlpm.mesNum, _xlpm.dia)) ), "")} -> 41799 | AX16: =IFERROR(AU16-AV16,"NA") -> -98.7
A17: 27015330 | B17: Aeropuerto Olaya Herrera - AUT | C17: Met_Aeronautica | D17: -75.59 | E17: 6.22 | F17: 1490 | G17: 5 | H17: 5001 | I17: Antioquia | J17: Medellín | AP17: =COUNTIF(K17:AO17,">=0") -> 0 | AQ17: =IF(AP17>0,SUM(K17:AO17),"") | AR17: =IFERROR(VLOOKUP(A17,Climatologia_PP!A:U,9+Precipitacion!$E$2,FALSE),"") -> 144.96 | AS17: =IFERROR((AQ17/AR17)*100,"") | AT17: =IFERROR(IF(AND((AQ17*$I$2*100/(AR17*AP17))>100+3.33*AQ17-AR17*AP17/$I$2,AR17<30),IF(100+3.33*AQ17-AR17*AP17/$I$2>200,200,100+3.33*AQ17-AR17*AP17/$I$2),IF((AQ17*$I$2*100/(AR17*AP17))<100+AQ17-3.33*AR17*AP17/$I$2,100+AQ17-3.33*AR17*AP17/$I$2,IF((AQ17*$I$2*100/(AR17*AP17))>200,200,(AQ17*$I$2*100/(AR17*AP17))))),"") | AU17: =IF(AP17>0,MAX(K17:AO17),"") | AV17: =IFERROR(VLOOKUP(A17,Maximos!A:AQ,8+(Precipitacion!$E$2-1)*3,FALSE),"") -> 69.3 | AW17: {=IFERROR( _xlfn.LET( _xlpm.mesNum, E$2, _xlpm.mesTxt, INDEX({"ENERO","FEBRERO","MARZO","ABRIL","MAYO","JUNIO","JULIO","AGOSTO","SEPTIEMBRE","OCTUBRE","NOVIEMBRE","DICIEMBRE"}, _xlpm.mesNum), _xlpm.colIni, MATCH(_xlpm.mesTxt, Maximos!$1:$1, 0), _xlpm.fila, MATCH($A17, Maximos!$A:$A, 0), _xlpm.anio, INDEX(Maximos!$A:$ZZ, _xlpm.fila, _xlpm.colIni+1), _xlpm.dia, INDEX(Maximos!$A:$ZZ, _xlpm.fila, _xlpm.colIni+2), IF(OR(_xlpm.anio="",_xlpm.dia=""), "No aplica", DATE(_xlpm.anio, _xlpm.mesNum, _xlpm.dia)) ), "")} -> 45451 | AX17: =IFERROR(AU17-AV17,"NA") -> NA
A18: 23085270 | B18: Aeropuerto José María Córdova - AUT | C18: Met_Aeronautica | D18: -75.43 | E18: 6.17 | F18: 2157 | G18: 5 | H18: 5615 | I18: Antioquia | J18: Rionegro | K18: 0 | L18: 0 | M18: 7.3 | N18: 0.9 | O18: 0.5 | P18: 7.1 | Q18: 27.7 | R18: 18.6 | S18: 1.5 | T18: 0 | U18: 0 | V18: 0 | W18: 5.1 | X18: 0 | Y18: 1.8 | Z18: 0 | AA18: 11.1 | AB18: 20.6 | AC18: 9.2 | AD18: 11.6 | AE18: 1.7 | AF18: 27.8 | AG18: 0 | AH18: 0 | AI18: 0 | AJ18: 0 | AK18: 0 | AL18: 0 | AM18: 0 | AN18: 0 | AP18: =COUNTIF(K18:AO18,">=0") -> 30 | AQ18: =IF(AP18>0,SUM(K18:AO18),"") -> 152.5 | AR18: =IFERROR(VLOOKUP(A18,Climatologia_PP!A:U,9+Precipitacion!$E$2,FALSE),"") -> 173.45517 | AS18: =IFERROR((AQ18/AR18)*100,"") -> 87.918969 | AT18: =IFERROR(IF(AND((AQ18*$I$2*100/(AR18*AP18))>100+3.33*AQ18-AR18*AP18/$I$2,AR18<30),IF(100+3.33*AQ18-AR18*AP18/$I$2>200,200,100+3.33*AQ18-AR18*AP18/$I$2),IF((AQ18*$I$2*100/(AR18*AP18))<100+AQ18-3.33*AR18*AP18/$I$2,100+AQ18-3.33*AR18*AP18/$I$2,IF((AQ18*$I$2*100/(AR18*AP18))>200,200,(AQ18*$I$2*100/(AR18*AP18))))),"") -> 87.918969 | AU18: =IF(AP18>0,MAX(K18:AO18),"") -> 27.8 | AV18: =IFERROR(VLOOKUP(A18,Maximos!A:AQ,8+(Precipitacion!$E$2-1)*3,FALSE),"") -> 72.6 | AW18: {=IFERROR( _xlfn.LET( _xlpm.mesNum, E$2, _xlpm.mesTxt, INDEX({"ENERO","FEBRERO","MARZO","ABRIL","MAYO","JUNIO","JULIO","AGOSTO","SEPTIEMBRE","OCTUBRE","NOVIEMBRE","DICIEMBRE"}, _xlpm.mesNum), _xlpm.colIni, MATCH(_xlpm.mesTxt, Maximos!$1:$1, 0), _xlpm.fila, MATCH($A18, Maximos!$A:$A, 0), _xlpm.anio, INDEX(Maximos!$A:$ZZ, _xlpm.fila, _xlpm.colIni+1), _xlpm.dia, INDEX(Maximos!$A:$ZZ, _xlpm.fila, _xlpm.colIni+2), IF(OR(_xlpm.anio="",_xlpm.dia=""), "No aplica", DATE(_xlpm.anio, _xlpm.mesNum, _xlpm.dia)) ), "")} -> 34857 | AX18: =IFERROR(AU18-AV18,"NA") -> -44.8
A19: 26135040 | B19: Aeropuerto Matecaña | C19: Met_Aeronautica | D19: -75.737222 | E19: 4.8158611 | F19: 1342 | G19: 66 | H19: 66001 | I19: Risaralda | J19: Pereira | K19: 0 | L19: 0 | M19: 7.8 | N19: 24 | O19: 5.4 | P19: 6.2 | Q19: 12.7 | R19: 1.8 | S19: 2.7 | T19: 0.4 | U19: 0 | V19: 0 | W19: 7.5 | X19: 0 | Y19: 1.8 | Z19: 0.8 | AA19: 0.5 | AB19: 0.6 | AC19: 0 | AD19: 0 | AE19: 0 | AF19: 6.2 | AG19: 31 | AH19: 0 | AI19: 0 | AJ19: 0 | AK19: 0 | AL19: 0.3 | AM19: 0 | AN19: 0 | AP19: =COUNTIF(K19:AO19,">=0") -> 30 | AQ19: =IF(AP19>0,SUM(K19:AO19),"") -> 109.7 | AR19: =IFERROR(VLOOKUP(A19,Climatologia_PP!A:U,9+Precipitacion!$E$2,FALSE),"") -> 199.31034 | AS19: =IFERROR((AQ19/AR19)*100,"") -> 55.039792 | AT19: =IFERROR(IF(AND((AQ19*$I$2*100/(AR19*AP19))>100+3.33*AQ19-AR19*AP19/$I$2,AR19<30),IF(100+3.33*AQ19-AR19*AP19/$I$2>200,200,100+3.33*AQ19-AR19*AP19/$I$2),IF((AQ19*$I$2*100/(AR19*AP19))<100+AQ19-3.33*AR19*AP19/$I$2,100+AQ19-3.33*AR19*AP19/$I$2,IF((AQ19*$I$2*100/(AR19*AP19))>200,200,(AQ19*$I$2*100/(AR19*AP19))))),"") -> 55.039792 | AU19: =IF(AP19>0,MAX(K19:AO19),"") -> 31 | AV19: =IFERROR(VLOOKUP(A19,Maximos!A:AQ,8+(Precipitacion!$E$2-1)*3,FALSE),"") -> 103.3 | AW19: {=IFERROR( _xlfn.LET( _xlpm.mesNum, E$2, _xlpm.mesTxt, INDEX({"ENERO","FEBRERO","MARZO","ABRIL","MAYO","JUNIO","JULIO","AGOSTO","SEPTIEMBRE","OCTUBRE","NOVIEMBRE","DICIEMBRE"}, _xlpm.mesNum), _xlpm.colIni, MATCH(_xlpm.mesTxt, Maximos!$1:$1, 0), _xlpm.fila, MATCH($A19, Maximos!$A:$A, 0), _xlpm.anio, INDEX(Maximos!$A:$ZZ, _xlpm.fila, _xlpm.colIni+1), _xlpm.dia, INDEX(Maximos!$A:$ZZ, _xlpm.fila, _xlpm.colIni+2), IF(OR(_xlpm.anio="",_xlpm.dia=""), "No aplica", DATE(_xlpm.anio, _xlpm.mesNum, _xlpm.dia)) ), "")} -> 36312 | AX19: =IFERROR(AU19-AV19,"NA") -> -72.3
A20: 26125061 | B20: Aeropuerto El Edén - AUT | C20: Met_Aeronautica | D20: -75.766389 | E20: 4.4547222 | F20: 1229 | G20: 63 | H20: 63001 | I20: Quindío | J20: Armenia | K20: 0 | L20: 0 | M20: 3.2 | N20: 6.9 | O20: 1.3 | P20: 5.3 | Q20: 27.8 | R20: 6.5 | S20: 0 | T20: 0 | U20: 0.1 | V20: 0 | W20: 0.2 | X20: 0 | Y20: 0.3 | Z20: 18 | AA20: 13.7 | AB20: 0.8 | AC20: 0.2 | AD20: 0 | AE20: 1 | AF20: 0 | AG20: 13.4 | AH20: 0 | AI20: 0 | AJ20: 0 | AK20: 0 | AL20: 0 | AM20: 0 | AN20: 0 | AP20: =COUNTIF(K20:AO20,">=0") -> 30 | AQ20: =IF(AP20>0,SUM(K20:AO20),"") -> 98.7 | AR20: =IFERROR(VLOOKUP(A20,Climatologia_PP!A:U,9+Precipitacion!$E$2,FALSE),"") -> 152.2037 | AS20: =IFERROR((AQ20/AR20)*100,"") -> 64.847305 | AT20: =IFERROR(IF(AND((AQ20*$I$2*100/(AR20*AP20))>100+3.33*AQ20-AR20*AP20/$I$2,AR20<30),IF(100+3.33*AQ20-AR20*AP20/$I$2>200,200,100+3.33*AQ20-AR20*AP20/$I$2),IF((AQ20*$I$2*100/(AR20*AP20))<100+AQ20-3.33*AR20*AP20/$I$2,100+AQ20-3.33*AR20*AP20/$I$2,IF((AQ20*$I$2*100/(AR20*AP20))>200,200,(AQ20*$I$2*100/(AR20*AP20))))),"") -> 64.847305 | AU20: =IF(AP20>0,MAX(K20:AO20),"") -> 27.8 | AV20: =IFERROR(VLOOKUP(A20,Maximos!A:AQ,8+(Precipitacion!$E$2-1)*3,FALSE),"") -> 144.6 | AW20: {=IFERROR( _xlfn.LET( _xlpm.mesNum, E$2, _xlpm.mesTxt, INDEX({"ENERO","FEBRERO","MARZO","ABRIL","MAYO","JUNIO","JULIO","AGOSTO","SEPTIEMBRE","OCTUBRE","NOVIEMBRE","DICIEMBRE"}, _xlpm.mesNum), _xlpm.colIni, MATCH(_xlpm.mesTxt, Maximos!$1:$1, 0), _xlpm.fila, MATCH($A20, Maximos!$A:$A, 0), _xlpm.anio, INDEX(Maximos!$A:$ZZ, _xlpm.fila, _xlpm.colIni+1), _xlpm.dia, INDEX(Maximos!$A:$ZZ, _xlpm.fila, _xlpm.colIni+2), IF(OR(_xlpm.anio="",_xlpm.dia=""), "No aplica", DATE(_xlpm.anio, _xlpm.mesNum, _xlpm.dia)) ), "")} -> 39601 | AX20: =IFERROR(AU20-AV20,"NA") -> -116.8
A21: 21245040 | B21: Aeropuerto Perales | C21: Met_Aeronautica | D21: -75.139417 | E21: 4.4241389 | F21: 943 | G21: 73 | H21: 73001 | I21: Tolima | J21: Ibagué | K21: 0 | L21: 1.2 | M21: 0 | N21: 2.2 | O21: 6.3 | P21: 0 | Q21: 1.3 | R21: 55.7 | S21: 0 | T21: 0 | U21: 0 | V21: 0.1 | W21: 0 | X21: 0.8 | Y21: 0 | Z21: 0.3 | AA21: 0.9 | AB21: 0.7 | AC21: 0 | AD21: 2.2 | AE21: 0 | AF21: 0 | AG21: 5.9 | AH21: 4.3 | AI21: 0 | AJ21: 0 | AK21: 0 | AL21: 0 | AM21: 0 | AN21: 0 | AP21: =COUNTIF(K21:AO21,">=0") -> 30 | AQ21: =IF(AP21>0,SUM(K21:AO21),"") -> 81.9 | AR21: =IFERROR(VLOOKUP(A21,Climatologia_PP!A:U,9+Precipitacion!$E$2,FALSE),"") -> 99.066667 | AS21: =IFERROR((AQ21/AR21)*100,"") -> 82.671602 | AT21: =IFERROR(IF(AND((AQ21*$I$2*100/(AR21*AP21))>100+3.33*AQ21-AR21*AP21/$I$2,AR21<30),IF(100+3.33*AQ21-AR21*AP21/$I$2>200,200,100+3.33*AQ21-AR21*AP21/$I$2),IF((AQ21*$I$2*100/(AR21*AP21))<100+AQ21-3.33*AR21*AP21/$I$2,100+AQ21-3.33*AR21*AP21/$I$2,IF((AQ21*$I$2*100/(AR21*AP21))>200,200,(AQ21*$I$2*100/(AR21*AP21))))),"") -> 82.671602 | AU21: =IF(AP21>0,MAX(K21:AO21),"") -> 55.7 | AV21: =IFERROR(VLOOKUP(A21,Maximos!A:AQ,8+(Precipitacion!$E$2-1)*3,FALSE),"") -> 90.3 | AW21: {=IFERROR( _xlfn.LET( _xlpm.mesNum, E$2, _xlpm.mesTxt, INDEX({"ENERO","FEBRERO","MARZO","ABRIL","MAYO","JUNIO","JULIO","AGOSTO","SEPTIEMBRE","OCTUBRE","NOVIEMBRE","DICIEMBRE"}, _xlpm.mesNum), _xlpm.colIni, MATCH(_xlpm.mesTxt, Maximos!$1:$1, 0), _xlpm.fila, MATCH($A21, Maximos!$A:$A, 0), _xlpm.anio, INDEX(Maximos!$A:$ZZ, _xlpm.fila, _xlpm.colIni+1), _xlpm.dia, INDEX(Maximos!$A:$ZZ, _xlpm.fila, _xlpm.colIni+2), IF(OR(_xlpm.anio="",_xlpm.dia=""), "No aplica", DATE(_xlpm.anio, _xlpm.mesNum, _xlpm.dia)) ), "")} -> 26817 | AX21: =IFERROR(AU21-AV21,"NA") -> -34.6
A22: 21205791 | B22: Aeropuerto El Dorado Catam - AUT | C22: Met_Aeronautica | D22: -74.150667 | E22: 4.7055833 | F22: 2547 | G22: 11 | H22: 11001 | I22: Bogotá, D.C. | J22: Bogotá, D.C. | K22: 0.1 | L22: 1.16 | M22: 0 | N22: 1.6 | O22: 3.7 | P22: 0 | Q22: 11.1 | R22: 11.8 | S22: 10.2 | T22: 0 | U22: 0 | V22: 0 | W22: 0 | X22: 0 | Y22: 0.7 | Z22: 0.8 | AA22: 0.479 | AB22: 4.1 | AC22: 0.4 | AD22: 0.2 | AE22: 0 | AF22: 0 | AG22: 0.3 | AH22: 0 | AI22: 0 | AJ22: 0 | AK22: 0.1 | AL22: 0 | AM22: 0.2 | AN22: 0 | AP22: =COUNTIF(K22:AO22,">=0") -> 30 | AQ22: =IF(AP22>0,SUM(K22:AO22),"") -> 46.939 | AR22: =IFERROR(VLOOKUP(A22,Climatologia_PP!A:U,9+Precipitacion!$E$2,FALSE),"") -> 57.425 | AS22: =IFERROR((AQ22/AR22)*100,"") -> 81.73966 | AT22: =IFERROR(IF(AND((AQ22*$I$2*100/(AR22*AP22))>100+3.33*AQ22-AR22*AP22/$I$2,AR22<30),IF(100+3.33*AQ22-AR22*AP22/$I$2>200,200,100+3.33*AQ22-AR22*AP22/$I$2),IF((AQ22*$I$2*100/(AR22*AP22))<100+AQ22-3.33*AR22*AP22/$I$2,100+AQ22-3.33*AR22*AP22/$I$2,IF((AQ22*$I$2*100/(AR22*AP22))>200,200,(AQ22*$I$2*100/(AR22*AP22))))),"") -> 81.73966 | AU22: =IF(AP22>0,MAX(K22:AO22),"") -> 11.8 | AV22: =IFERROR(VLOOKUP(A22,Maximos!A:AQ,8+(Precipitacion!$E$2-1)*3,FALSE),"") -> 35.2 | AW22: {=IFERROR( _xlfn.LET( _xlpm.mesNum, E$2, _xlpm.mesTxt, INDEX({"ENERO","FEBRERO","MARZO","ABRIL","MAYO","JUNIO","JULIO","AGOSTO","SEPTIEMBRE","OCTUBRE","NOVIEMBRE","DICIEMBRE"}, _xlpm.mesNum), _xlpm.colIni, MATCH(_xlpm.mesTxt, Maximos!$1:$1, 0), _xlpm.fila, MATCH($A22, Maximos!$A:$A, 0), _xlpm.anio, INDEX(Maximos!$A:$ZZ, _xlpm.fila, _xlpm.colIni+1), _xlpm.dia, INDEX(Maximos!$A:$ZZ, _xlpm.fila, _xlpm.colIni+2), IF(OR(_xlpm.anio="",_xlpm.dia=""), "No aplica", DATE(_xlpm.anio, _xlpm.mesNum, _xlpm.dia)) ), "")} -> 38875 | AX22: =IFERROR(AU22-AV22,"NA") -> -23.4
A23: 26075040 | B23: Aeropuerto Alfonso Bonilla | C23: Met_Aeronautica | D23: -76.386639 | E23: 3.5366889 | F23: 970 | G23: 76 | H23: 76520 | I23: Valle del Cauca | J23: Palmira | K23: 0 | L23: 0 | M23: 4.2 | N23: 3.6 | O23: 0.3 | P23: 0 | Q23: 0 | R23: 0 | S23: 4 | T23: 0 | U23: 0 | V23: 0 | W23: 0 | X23: 1.1 | Y23: 1.9 | Z23: 0.1 | AA23: 0.8 | AB23: 1 | AC23: 0 | AD23: 18.4 | AE23: 0 | AF23: 0 | AG23: 0.5 | AH23: 0 | AI23: 0 | AJ23: 0 | AK23: 0 | AL23: 0.6 | AM23: 0 | AN23: 0 | AP23: =COUNTIF(K23:AO23,">=0") -> 30 | AQ23: =IF(AP23>0,SUM(K23:AO23),"") -> 36.5 | AR23: =IFERROR(VLOOKUP(A23,Climatologia_PP!A:U,9+Precipitacion!$E$2,FALSE),"") -> 49.664286 | AS23: =IFERROR((AQ23/AR23)*100,"") -> 73.493456 | AT23: =IFERROR(IF(AND((AQ23*$I$2*100/(AR23*AP23))>100+3.33*AQ23-AR23*AP23/$I$2,AR23<30),IF(100+3.33*AQ23-AR23*AP23/$I$2>200,200,100+3.33*AQ23-AR23*AP23/$I$2),IF((AQ23*$I$2*100/(AR23*AP23))<100+AQ23-3.33*AR23*AP23/$I$2,100+AQ23-3.33*AR23*AP23/$I$2,IF((AQ23*$I$2*100/(AR23*AP23))>200,200,(AQ23*$I$2*100/(AR23*AP23))))),"") -> 73.493456 | AU23: =IF(AP23>0,MAX(K23:AO23),"") -> 18.4 | AV23: =IFERROR(VLOOKUP(A23,Maximos!A:AQ,8+(Precipitacion!$E$2-1)*3,FALSE),"") -> 72.2 | AW23: {=IFERROR( _xlfn.LET( _xlpm.mesNum, E$2, _xlpm.mesTxt, INDEX({"ENERO","FEBRERO","MARZO","ABRIL","MAYO","JUNIO","JULIO","AGOSTO","SEPTIEMBRE","OCTUBRE","NOVIEMBRE","DICIEMBRE"}, _xlpm.mesNum), _xlpm.colIni, MATCH(_xlpm.mesTxt, Maximos!$1:$1, 0), _xlpm.fila, MATCH($A23, Maximos!$A:$A, 0), _xlpm.anio, INDEX(Maximos!$A:$ZZ, _xlpm.fila, _xlpm.colIni+1), _xlpm.dia, INDEX(Maximos!$A:$ZZ, _xlpm.fila, _xlpm.colIni+2), IF(OR(_xlpm.anio="",_xlpm.dia=""), "No aplica", DATE(_xlpm.anio, _xlpm.mesNum, _xlpm.dia)) ), "")} -> 44361 | AX23: =IFERROR(AU23-AV23,"NA") -> -53.8
A24: 21115020 | B24: Aeropuerto Benito Salas | C24: Met_Aeronautica | D24: -75.293056 | E24: 2.94875 | F24: 439 | G24: 41 | H24: 41001 | I24: Huila | J24: Neiva | K24: 0 | L24: 0.9 | M24: 1.9 | N24: 0 | O24: 0.5 | P24: 0 | Q24: 0.4 | R24: 29.2 | S24: 35.4 | T24: 6.3 | U24: 0 | V24: 0 | W24: 0.2 | X24: 11.1 | Y24: 10.2 | Z24: 0.6 | AA24: 0 | AB24: 0 | AC24: 0 | AD24: 0.2 | AE24: 0 | AF24: 0 | AG24: 0.3 | AH24: 0.5 | AI24: 0 | AJ24: 2.3 | AK24: 0 | AL24: 0 | AM24: 0 | AN24: 0.6 | AP24: =COUNTIF(K24:AO24,">=0") -> 30 | AQ24: =IF(AP24>0,SUM(K24:AO24),"") -> 100.6 | AR24: =IFERROR(VLOOKUP(A24,Climatologia_PP!A:U,9+Precipitacion!$E$2,FALSE),"") -> 37.716667 | AS24: =IFERROR((AQ24/AR24)*100,"") -> 266.72559 | AT24: =IFERROR(IF(AND((AQ24*$I$2*100/(AR24*AP24))>100+3.33*AQ24-AR24*AP24/$I$2,AR24<30),IF(100+3.33*AQ24-AR24*AP24/$I$2>200,200,100+3.33*AQ24-AR24*AP24/$I$2),IF((AQ24*$I$2*100/(AR24*AP24))<100+AQ24-3.33*AR24*AP24/$I$2,100+AQ24-3.33*AR24*AP24/$I$2,IF((AQ24*$I$2*100/(AR24*AP24))>200,200,(AQ24*$I$2*100/(AR24*AP24))))),"") -> 200 | AU24: =IF(AP24>0,MAX(K24:AO24),"") -> 35.4 | AV24: =IFERROR(VLOOKUP(A24,Maximos!A:AQ,8+(Precipitacion!$E$2-1)*3,FALSE),"") -> 80.1 | AW24: {=IFERROR( _xlfn.LET( _xlpm.mesNum, E$2, _xlpm.mesTxt, INDEX({"ENERO","FEBRERO","MARZO","ABRIL","MAYO","JUNIO","JULIO","AGOSTO","SEPTIEMBRE","OCTUBRE","NOVIEMBRE","DICIEMBRE"}, _xlpm.mesNum), _xlpm.colIni, MATCH(_xlpm.mesTxt, Maximos!$1:$1, 0), _xlpm.fila, MATCH($A24, Maximos!$A:$A, 0), _xlpm.anio, INDEX(Maximos!$A:$ZZ, _xlpm.fila, _xlpm.colIni+1), _xlpm.dia, INDEX(Maximos!$A:$ZZ, _xlpm.fila, _xlpm.colIni+2), IF(OR(_xlpm.anio="",_xlpm.dia=""), "No aplica", DATE(_xlpm.anio, _xlpm.mesNum, _xlpm.dia)) ), "")} -> 45831 | AX24: =IFERROR(AU24-AV24,"NA") -> -44.7
A25: 52045020 | B25: Aeropuerto Antonio Nariño | C25: Met_Aeronautica | D25: -77.290861 | E25: 1.3940833 | F25: 1796 | G25: 52 | H25: 52240 | I25: Nariño | J25: Chachagüí | K25: 0 | L25: 0 | M25: 2.1 | N25: 28.8 | O25: 0.1 | P25: 0 | Q25: 2.3 | R25: 15.2 | S25: 0.2 | T25: 0 | U25: 0 | V25: 1.8 | W25: 0 | X25: 0 | Y25: 1.9 | Z25: 0 | AA25: 0 | AB25: 0 | AC25: 0 | AD25: 0 | AE25: 0 | AF25: 0 | AG25: 0 | AH25: 0 | AI25: 0 | AJ25: 0.6 | AK25: 0 | AL25: 0 | AM25: 0 | AN25: 0 | AP25: =COUNTIF(K25:AO25,">=0") -> 30 | AQ25: =IF(AP25>0,SUM(K25:AO25),"") -> 53 | AR25: =IFERROR(VLOOKUP(A25,Climatologia_PP!A:U,9+Precipitacion!$E$2,FALSE),"") -> 55.437931 | AS25: =IFERROR((AQ25/AR25)*100,"") -> 95.602413 | AT25: =IFERROR(IF(AND((AQ25*$I$2*100/(AR25*AP25))>100+3.33*AQ25-AR25*AP25/$I$2,AR25<30),IF(100+3.33*AQ25-AR25*AP25/$I$2>200,200,100+3.33*AQ25-AR25*AP25/$I$2),IF((AQ25*$I$2*100/(AR25*AP25))<100+AQ25-3.33*AR25*AP25/$I$2,100+AQ25-3.33*AR25*AP25/$I$2,IF((AQ25*$I$2*100/(AR25*AP25))>200,200,(AQ25*$I$2*100/(AR25*AP25))))),"") -> 95.602413 | AU25: =IF(AP25>0,MAX(K25:AO25),"") -> 28.8 | AV25: =IFERROR(VLOOKUP(A25,Maximos!A:AQ,8+(Precipitacion!$E$2-1)*3,FALSE),"") -> 59.6 | AW25: {=IFERROR( _xlfn.LET( _xlpm.mesNum, E$2, _xlpm.mesTxt, INDEX({"ENERO","FEBRERO","MARZO","ABRIL","MAYO","JUNIO","JULIO","AGOSTO","SEPTIEMBRE","OCTUBRE","NOVIEMBRE","DICIEMBRE"}, _xlpm.mesNum), _xlpm.colIni, MATCH(_xlpm.mesTxt, Maximos!$1:$1, 0), _xlpm.fila, MATCH($A25, Maximos!$A:$A, 0), _xlpm.anio, INDEX(Maximos!$A:$ZZ, _xlpm.fila, _xlpm.colIni+1), _xlpm.dia, INDEX(Maximos!$A:$ZZ, _xlpm.fila, _xlpm.colIni+2), IF(OR(_xlpm.anio="",_xlpm.dia=""), "No aplica", DATE(_xlpm.anio, _xlpm.mesNum, _xlpm.dia)) ), "")} -> 35242 | AX25: =IFERROR(AU25-AV25,"NA") -> -30.8
A26: 52055230 | B26: Aeropuerto San Luis - AUT | C26: Met_Aeronautica | D26: -77.67775 | E26: 0.85708333 | F26: 2961 | G26: 52 | H26: 52022 | I26: Nariño | J26: Aldana | K26: 0 | L26: 0.4 | M26: 0.4 | N26: 0.1 | O26: 0.1 | P26: 0 | Q26: 0 | R26: 7.7 | S26: 8.4 | T26: 0 | U26: 0 | V26: 1.3 | W26: 0.2 | X26: 2.6 | Y26: 1.2 | Z26: 0 | AA26: 0.7 | AB26: 0 | AC26: 0.6 | AD26: 0.9 | AE26: 0.9 | AF26: 1.1 | AG26: 0.5 | AH26: 0.2 | AI26: 0.5 | AJ26: 3.5 | AK26: 3.1 | AL26: 0.1 | AM26: 0.3 | AN26: 0 | AP26: =COUNTIF(K26:AO26,">=0") -> 30 | AQ26: =IF(AP26>0,SUM(K26:AO26),"") -> 34.8 | AR26: =IFERROR(VLOOKUP(A26,Climatologia_PP!A:U,9+Precipitacion!$E$2,FALSE),"") -> 52.293333 | AS26: =IFERROR((AQ26/AR26)*100,"") -> 66.54768 | AT26: =IFERROR(IF(AND((AQ26*$I$2*100/(AR26*AP26))>100+3.33*AQ26-AR26*AP26/$I$2,AR26<30),IF(100+3.33*AQ26-AR26*AP26/$I$2>200,200,100+3.33*AQ26-AR26*AP26/$I$2),IF((AQ26*$I$2*100/(AR26*AP26))<100+AQ26-3.33*AR26*AP26/$I$2,100+AQ26-3.33*AR26*AP26/$I$2,IF((AQ26*$I$2*100/(AR26*AP26))>200,200,(AQ26*$I$2*100/(AR26*AP26))))),"") -> 66.54768 | AU26: =IF(AP26>0,MAX(K26:AO26),"") -> 8.4 | AV26: =IFERROR(VLOOKUP(A26,Maximos!A:AQ,8+(Precipitacion!$E$2-1)*3,FALSE),"") -> 36 | AW26: {=IFERROR( _xlfn.LET( _xlpm.mesNum, E$2, _xlpm.mesTxt, INDEX({"ENERO","FEBRERO","MARZO","ABRIL","MAYO","JUNIO","JULIO","AGOSTO","SEPTIEMBRE","OCTUBRE","NOVIEMBRE","DICIEMBRE"}, _xlpm.mesNum), _xlpm.colIni, MATCH(_xlpm.mesTxt, Maximos!$1:$1, 0), _xlpm.fila, MATCH($A26, Maximos!$A:$A, 0), _xlpm.anio, INDEX(Maximos!$A:$ZZ, _xlpm.fila, _xlpm.colIni+1), _xlpm.dia, INDEX(Maximos!$A:$ZZ, _xlpm.fila, _xlpm.colIni+2), IF(OR(_xlpm.anio="",_xlpm.dia=""), "No aplica", DATE(_xlpm.anio, _xlpm.mesNum, _xlpm.dia)) ), "")} -> 25730 | AX26: =IFERROR(AU26-AV26,"NA") -> -27.6
A27: 11045010 | B27: Aeropuerto El Caraño | C27: Met_Aeronautica | D27: -76.643778 | E27: 5.6905556 | F27: 75 | G27: 27 | H27: 27001 | I27: Chocó | J27: Quibdó | K27: 15.6 | L27: 115.7 | M27: 0.9 | N27: 0.5 | O27: 23.6 | P27: 12.2 | Q27: 46.7 | R27: 4.3 | S27: 0 | T27: 0 | U27: 0 | V27: 0.8 | W27: 0.2 | X27: 26.8 | Y27: 47.6 | Z27: 45.1 | AA27: 30.3 | AB27: 0.3 | AC27: 0 | AD27: 28.6 | AE27: 20.8 | AF27: 56.9 | AG27: 0 | AH27: 0 | AI27: 19.3 | AJ27: 0 | AK27: 0 | AL27: 37.7 | AM27: 0.5 | AN27: 120.6 | AP27: =COUNTIF(K27:AO27,">=0") -> 30 | AQ27: =IF(AP27>0,SUM(K27:AO27),"") -> 655 | AR27: =IFERROR(VLOOKUP(A27,Climatologia_PP!A:U,9+Precipitacion!$E$2,FALSE),"") -> 774.80345 | AS27: =IFERROR((AQ27/AR27)*100,"") -> 84.537569 | AT27: =IFERROR(IF(AND((AQ27*$I$2*100/(AR27*AP27))>100+3.33*AQ27-AR27*AP27/$I$2,AR27<30),IF(100+3.33*AQ27-AR27*AP27/$I$2>200,200,100+3.33*AQ27-AR27*AP27/$I$2),IF((AQ27*$I$2*100/(AR27*AP27))<100+AQ27-3.33*AR27*AP27/$I$2,100+AQ27-3.33*AR27*AP27/$I$2,IF((AQ27*$I$2*100/(AR27*AP27))>200,200,(AQ27*$I$2*100/(AR27*AP27))))),"") -> 84.537569 | AU27: =IF(AP27>0,MAX(K27:AO27),"") -> 120.6 | AV27: =IFERROR(VLOOKUP(A27,Maximos!A:AQ,8+(Precipitacion!$E$2-1)*3,FALSE),"") -> 238 | AW27: {=IFERROR( _xlfn.LET( _xlpm.mesNum, E$2, _xlpm.mesTxt, INDEX({"ENERO","FEBRERO","MARZO","ABRIL","MAYO","JUNIO","JULIO","AGOSTO","SEPTIEMBRE","OCTUBRE","NOVIEMBRE","DICIEMBRE"}, _xlpm.mesNum), _xlpm.colIni, MATCH(_xlpm.mesTxt, Maximos!$1:$1, 0), _xlpm.fila, MATCH($A27, Maximos!$A:$A, 0), _xlpm.anio, INDEX(Maximos!$A:$ZZ, _xlpm.fila, _xlpm.colIni+1), _xlpm.dia, INDEX(Maximos!$A:$ZZ, _xlpm.fila, _xlpm.colIni+2), IF(OR(_xlpm.anio="",_xlpm.dia=""), "No aplica", DATE(_xlpm.anio, _xlpm.mesNum, _xlpm.dia)) ), "")} -> 27559 | AX27: =IFERROR(AU27-AV27,"NA") -> -117.4
A28: 37055010 | B28: Aeropuerto Santiago Pérez | C28: Met_Aeronautica | D28: -70.738056 | E28: 7.0694444 | F28: 128 | G28: 81 | H28: 81001 | I28: Arauca | J28: Arauca | K28: 27.3 | L28: 17.1 | M28: 10.6 | N28: 20.6 | O28: 0 | P28: 10.9 | Q28: 3.3 | R28: 7.1 | S28: 0 | T28: 0 | U28: 0 | V28: 0 | W28: 0 | X28: 3.2 | Y28: 18.1 | Z28: 2.2 | AA28: 5.4 | AB28: 1.8 | AC28: 0 | AD28: 0 | AE28: 18.7 | AF28: 14.3 | AG28: 0 | AH28: 16.6 | AI28: 0 | AJ28: 0 | AK28: 0 | AL28: 0.6 | AM28: 0 | AN28: 59.2 | AP28: =COUNTIF(K28:AO28,">=0") -> 30 | AQ28: =IF(AP28>0,SUM(K28:AO28),"") -> 237 | AR28: =IFERROR(VLOOKUP(A28,Climatologia_PP!A:U,9+Precipitacion!$E$2,FALSE),"") -> 308.0037 | AS28: =IFERROR((AQ28/AR28)*100,"") -> 76.947127 | AT28: =IFERROR(IF(AND((AQ28*$I$2*100/(AR28*AP28))>100+3.33*AQ28-AR28*AP28/$I$2,AR28<30),IF(100+3.33*AQ28-AR28*AP28/$I$2>200,200,100+3.33*AQ28-AR28*AP28/$I$2),IF((AQ28*$I$2*100/(AR28*AP28))<100+AQ28-3.33*AR28*AP28/$I$2,100+AQ28-3.33*AR28*AP28/$I$2,IF((AQ28*$I$2*100/(AR28*AP28))>200,200,(AQ28*$I$2*100/(AR28*AP28))))),"") -> 76.947127 | AU28: =IF(AP28>0,MAX(K28:AO28),"") -> 59.2 | AV28: =IFERROR(VLOOKUP(A28,Maximos!A:AQ,8+(Precipitacion!$E$2-1)*3,FALSE),"") -> 136.3 | AW28: {=IFERROR( _xlfn.LET( _xlpm.mesNum, E$2, _xlpm.mesTxt, INDEX({"ENERO","FEBRERO","MARZO","ABRIL","MAYO","JUNIO","JULIO","AGOSTO","SEPTIEMBRE","OCTUBRE","NOVIEMBRE","DICIEMBRE"}, _xlpm.mesNum), _xlpm.colIni, MATCH(_xlpm.mesTxt, Maximos!$1:$1, 0), _xlpm.fila, MATCH($A28, Maximos!$A:$A, 0), _xlpm.anio, INDEX(Maximos!$A:$ZZ, _xlpm.fila, _xlpm.colIni+1), _xlpm.dia, INDEX(Maximos!$A:$ZZ, _xlpm.fila, _xlpm.colIni+2), IF(OR(_xlpm.anio="",_xlpm.dia=""), "No aplica", DATE(_xlpm.anio, _xlpm.mesNum, _xlpm.dia)) ), "")} -> 38166 | AX28: =IFERROR(AU28-AV28,"NA") -> -77.1
A29: 38015030 | B29: Aeropuerto Puerto Carreño | C29: Met_Aeronautica | D29: -67.491222 | E29: 6.1824361 | F29: 57 | G29: 99 | H29: 99001 | I29: Vichada | J29: Puerto Carreño | K29: 1 | L29: 0.8 | M29: 24.1 | N29: 12.1 | O29: 29.3 | P29: 17.1 | Q29: 2.6 | R29: 7 | S29: 0 | T29: 102.8 | U29: 15.6 | V29: 0 | W29: 0 | X29: 51.7 | Y29: 109 | Z29: 8.6 | AA29: 11.7 | AB29: 3.2 | AC29: 0 | AD29: 1.4 | AE29: 25.5 | AF29: 10.9 | AG29: 1.4 | AH29: 47.7 | AI29: 0.5 | AJ29: 0 | AK29: 76.4 | AL29: 4.2 | AM29: 9.7 | AN29: 3.6 | AP29: =COUNTIF(K29:AO29,">=0") -> 30 | AQ29: =IF(AP29>0,SUM(K29:AO29),"") -> 577.9 | AR29: =IFERROR(VLOOKUP(A29,Climatologia_PP!A:U,9+Precipitacion!$E$2,FALSE),"") -> 475.93333 | AS29: =IFERROR((AQ29/AR29)*100,"") -> 121.42457 | AT29: =IFERROR(IF(AND((AQ29*$I$2*100/(AR29*AP29))>100+3.33*AQ29-AR29*AP29/$I$2,AR29<30),IF(100+3.33*AQ29-AR29*AP29/$I$2>200,200,100+3.33*AQ29-AR29*AP29/$I$2),IF((AQ29*$I$2*100/(AR29*AP29))<100+AQ29-3.33*AR29*AP29/$I$2,100+AQ29-3.33*AR29*AP29/$I$2,IF((AQ29*$I$2*100/(AR29*AP29))>200,200,(AQ29*$I$2*100/(AR29*AP29))))),"") -> 121.42457 | AU29: =IF(AP29>0,MAX(K29:AO29),"") -> 109 | AV29: =IFERROR(VLOOKUP(A29,Maximos!A:AQ,8+(Precipitacion!$E$2-1)*3,FALSE),"") -> 277 | AW29: {=IFERROR( _xlfn.LET( _xlpm.mesNum, E$2, _xlpm.mesTxt, INDEX({"ENERO","FEBRERO","MARZO","ABRIL","MAYO","JUNIO","JULIO","AGOSTO","SEPTIEMBRE","OCTUBRE","NOVIEMBRE","DICIEMBRE"}, _xlpm.mesNum), _xlpm.colIni, MATCH(_xlpm.mesTxt, Maximos!$1:$1, 0), _xlpm.fila, MATCH($A29, Maximos!$A:$A, 0), _xlpm.anio, INDEX(Maximos!$A:$ZZ, _xlpm.fila, _xlpm.colIni+1), _xlpm.dia, INDEX(Maximos!$A:$ZZ, _xlpm.fila, _xlpm.colIni+2), IF(OR(_xlpm.anio="",_xlpm.dia=""), "No aplica", DATE(_xlpm.anio, _xlpm.mesNum, _xlpm.dia)) ), "")} -> 39627 | AX29: =IFERROR(AU29-AV29,"NA") -> -168
A30: 35035020 | B30: Aeropuerto Vanguardia | C30: Met_Aeronautica | D30: -73.617578 | E30: 4.1619194 | F30: 422 | G30: 50 | H30: 50001 | I30: Meta | J30: Villavicencio | L30: 2.9 | M30: 2.3 | N30: 48.1 | O30: 18.4 | P30: 2.1 | Q30: 88.2 | R30: 16.1 | S30: 9.6 | T30: 0 | U30: 14.6 | V30: 0.1 | W30: 91.2 | X30: 35.2 | Y30: 3.1 | Z30: 0.5 | AA30: 3.7 | AB30: 1.5 | AC30: 2.9 | AD30: 19.1 | AE30: 10.7 | AF30: 2.8 | AG30: 5.2 | AH30: 0 | AI30: 0 | AJ30: 35.8 | AK30: 24.1 | AL30: 19.1 | AM30: 8.3 | AN30: 21.1 | AP30: =COUNTIF(K30:AO30,">=0") -> 29 | AQ30: =IF(AP30>0,SUM(K30:AO30),"") -> 486.7 | AR30: =IFERROR(VLOOKUP(A30,Climatologia_PP!A:U,9+Precipitacion!$E$2,FALSE),"") -> 545.93667 | AS30: =IFERROR((AQ30/AR30)*100,"") -> 89.149535 | AT30: =IFERROR(IF(AND((AQ30*$I$2*100/(AR30*AP30))>100+3.33*AQ30-AR30*AP30/$I$2,AR30<30),IF(100+3.33*AQ30-AR30*AP30/$I$2>200,200,100+3.33*AQ30-AR30*AP30/$I$2),IF((AQ30*$I$2*100/(AR30*AP30))<100+AQ30-3.33*AR30*AP30/$I$2,100+AQ30-3.33*AR30*AP30/$I$2,IF((AQ30*$I$2*100/(AR30*AP30))>200,200,(AQ30*$I$2*100/(AR30*AP30))))),"") -> 92.223657 | AU30: =IF(AP30>0,MAX(K30:AO30),"") -> 91.2 | AV30: =IFERROR(VLOOKUP(A30,Maximos!A:AQ,8+(Precipitacion!$E$2-1)*3,FALSE),"") -> 222.2 | AW30: {=IFERROR( _xlfn.LET( _xlpm.mesNum, E$2, _xlpm.mesTxt, INDEX({"ENERO","FEBRERO","MARZO","ABRIL","MAYO","JUNIO","JULIO","AGOSTO","SEPTIEMBRE","OCTUBRE","NOVIEMBRE","DICIEMBRE"}, _xlpm.mesNum), _xlpm.colIni, MATCH(_xlpm.mesTxt, Maximos!$1:$1, 0), _xlpm.fila, MATCH($A30, Maximos!$A:$A, 0), _xlpm.anio, INDEX(Maximos!$A:$ZZ, _xlpm.fila, _xlpm.colIni+1), _xlpm.dia, INDEX(Maximos!$A:$ZZ, _xlpm.fila, _xlpm.colIni+2), IF(OR(_xlpm.anio="",_xlpm.dia=""), "No aplica", DATE(_xlpm.anio, _xlpm.mesNum, _xlpm.dia)) ), "")} -> 11122 | AX30: =IFERROR(AU30-AV30,"NA") -> -131
A31: 48015050 | B31: Aeropuerto Vásquez Cobo | C31: Met_Aeronautica | D31: -69.940917 | E31: -4.1938611 | F31: 84 | G31: 91 | H31: 91001 | I31: Amazonas | J31: Leticia | K31: 24.2 | L31: 3.2 | M31: 0 | N31: 0 | O31: 6.6 | P31: 2.4 | Q31: 0.7 | R31: 20.7 | S31: 30.3 | T31: 30.4 | U31: 0 | V31: 0.2 | W31: 11.6 | X31: 0 | Y31: 4.5 | Z31: 10 | AA31: 16.6 | AB31: 0 | AC31: 11.8 | AD31: 2.6 | AE31: 5.9 | AF31: 0 | AG31: 0 | AH31: 26.8 | AI31: 0.4 | AJ31: 0 | AK31: 0 | AL31: 1.8 | AM31: 15.6 | AN31: 17.9 | AP31: =COUNTIF(K31:AO31,">=0") -> 30 | AQ31: =IF(AP31>0,SUM(K31:AO31),"") -> 244.2 | AR31: =IFERROR(VLOOKUP(A31,Climatologia_PP!A:U,9+Precipitacion!$E$2,FALSE),"") -> 211.48929 | AS31: =IFERROR((AQ31/AR31)*100,"") -> 115.46684 | AT31: =IFERROR(IF(AND((AQ31*$I$2*100/(AR31*AP31))>100+3.33*AQ31-AR31*AP31/$I$2,AR31<30),IF(100+3.33*AQ31-AR31*AP31/$I$2>200,200,100+3.33*AQ31-AR31*AP31/$I$2),IF((AQ31*$I$2*100/(AR31*AP31))<100+AQ31-3.33*AR31*AP31/$I$2,100+AQ31-3.33*AR31*AP31/$I$2,IF((AQ31*$I$2*100/(AR31*AP31))>200,200,(AQ31*$I$2*100/(AR31*AP31))))),"") -> 115.46684 | AU31: =IF(AP31>0,MAX(K31:AO31),"") -> 30.4 | AV31: =IFERROR(VLOOKUP(A31,Maximos!A:AQ,8+(Precipitacion!$E$2-1)*3,FALSE),"") -> 105 | AW31: {=IFERROR( _xlfn.LET( _xlpm.mesNum, E$2, _xlpm.mesTxt, INDEX({"ENERO","FEBRERO","MARZO","ABRIL","MAYO","JUNIO","JULIO","AGOSTO","SEPTIEMBRE","OCTUBRE","NOVIEMBRE","DICIEMBRE"}, _xlpm.mesNum), _xlpm.colIni, MATCH(_xlpm.mesTxt, Maximos!$1:$1, 0), _xlpm.fila, MATCH($A31, Maximos!$A:$A, 0), _xlpm.anio, INDEX(Maximos!$A:$ZZ, _xlpm.fila, _xlpm.colIni+1), _xlpm.dia, INDEX(Maximos!$A:$ZZ, _xlpm.fila, _xlpm.colIni+2), IF(OR(_xlpm.anio="",_xlpm.dia=""), "No aplica", DATE(_xlpm.anio, _xlpm.mesNum, _xlpm.dia)) ), "")} -> 34494 | AX31: =IFERROR(AU31-AV31,"NA") -> -74.6
A32: 26190090 | B32: Betania-Las Guacas | C32: Area Operativa 01 - Antioquia-Chocó | D32: -75.975528 | E32: 5.755 | F32: 1600 | G32: 5 | H32: 5091 | I32: Antioquia | J32: Betania | K32: 0 | L32: 14 | M32: 2 | N32: 72 | O32: 16 | P32: 8 | Q32: 23 | R32: 44 | S32: 3 | T32: 0 | U32: 0 | V32: 0 | W32: 0 | X32: 13 | Y32: 0 | Z32: 0 | AA32: 9 | AB32: 2 | AC32: 5 | AD32: 7 | AE32: 0 | AF32: 21 | AG32: 0 | AH32: 0 | AI32: 0 | AJ32: 0 | AK32: 0 | AL32: 0 | AM32: 0 | AN32: 0 | AP32: =COUNTIF(K32:AO32,">=0") -> 30 | AQ32: =IF(AP32>0,SUM(K32:AO32),"") -> 239 | AR32: =IFERROR(VLOOKUP(A32,Climatologia_PP!A:U,9+Precipitacion!$E$2,FALSE),"") -> 225.48276 | AS32: =IFERROR((AQ32/AR32)*100,"") -> 105.9948 | AT32: =IFERROR(IF(AND((AQ32*$I$2*100/(AR32*AP32))>100+3.33*AQ32-AR32*AP32/$I$2,AR32<30),IF(100+3.33*AQ32-AR32*AP32/$I$2>200,200,100+3.33*AQ32-AR32*AP32/$I$2),IF((AQ32*$I$2*100/(AR32*AP32))<100+AQ32-3.33*AR32*AP32/$I$2,100+AQ32-3.33*AR32*AP32/$I$2,IF((AQ32*$I$2*100/(AR32*AP32))>200,200,(AQ32*$I$2*100/(AR32*AP32))))),"") -> 105.9948 | AU32: =IF(AP32>0,MAX(K32:AO32),"") -> 72 | AV32: =IFERROR(VLOOKUP(A32,Maximos!A:AQ,8+(Precipitacion!$E$2-1)*3,FALSE),"") -> 91 | AW32: {=IFERROR( _xlfn.LET( _xlpm.mesNum, E$2, _xlpm.mesTxt, INDEX({"ENERO","FEBRERO","MARZO","ABRIL","MAYO","JUNIO","JULIO","AGOSTO","SEPTIEMBRE","OCTUBRE","NOVIEMBRE","DICIEMBRE"}, _xlpm.mesNum), _xlpm.colIni, MATCH(_xlpm.mesTxt, Maximos!$1:$1, 0), _xlpm.fila, MATCH($A32, Maximos!$A:$A, 0), _xlpm.anio, INDEX(Maximos!$A:$ZZ, _xlpm.fila, _xlpm.colIni+1), _xlpm.dia, INDEX(Maximos!$A:$ZZ, _xlpm.fila, _xlpm.colIni+2), IF(OR(_xlpm.anio="",_xlpm.dia=""), "No aplica", DATE(_xlpm.anio, _xlpm.mesNum, _xlpm.dia)) ), "")} -> 30862 | AX32: =IFERROR(AU32-AV32,"NA") -> -19
A33: 12015020 | B33: Uniban | C33: Area Operativa 01 - Antioquia-Chocó | D33: -76.651333 | E33: 7.8259167 | F33: 43 | G33: 5 | H33: 5045 | I33: Antioquia | J33: Apartadó | K33: 0.6 | L33: 20.3 | M33: 0.8 | N33: 2 | O33: 0.7 | P33: 0.8 | Q33: 0.4 | R33: 0.5 | S33: 0 | T33: 0 | U33: 0 | V33: 0.6 | W33: 0.5 | X33: 5 | Y33: 4.6 | Z33: 61 | AA33: 2.7 | AB33: 0.2 | AC33: 4.5 | AD33: 3.8 | AE33: 0.7 | AF33: 74 | AG33: 0 | AH33: 6.1 | AI33: 4.2 | AJ33: 0.4 | AK33: 0 | AL33: 13 | AM33: 0 | AN33: 1.5 | AP33: =COUNTIF(K33:AO33,">=0") -> 30 | AQ33: =IF(AP33>0,SUM(K33:AO33),"") -> 208.9 | AR33: =IFERROR(VLOOKUP(A33,Climatologia_PP!A:U,9+Precipitacion!$E$2,FALSE),"") -> 265.92692 | AS33: =IFERROR((AQ33/AR33)*100,"") -> 78.555416 | AT33: =IFERROR(IF(AND((AQ33*$I$2*100/(AR33*AP33))>100+3.33*AQ33-AR33*AP33/$I$2,AR33<30),IF(100+3.33*AQ33-AR33*AP33/$I$2>200,200,100+3.33*AQ33-AR33*AP33/$I$2),IF((AQ33*$I$2*100/(AR33*AP33))<100+AQ33-3.33*AR33*AP33/$I$2,100+AQ33-3.33*AR33*AP33/$I$2,IF((AQ33*$I$2*100/(AR33*AP33))>200,200,(AQ33*$I$2*100/(AR33*AP33))))),"") -> 78.555416 | AU33: =IF(AP33>0,MAX(K33:AO33),"") -> 74 | AV33: =IFERROR(VLOOKUP(A33,Maximos!A:AQ,8+(Precipitacion!$E$2-1)*3,FALSE),"") -> 132 | AW33: {=IFERROR( _xlfn.LET( _xlpm.mesNum, E$2, _xlpm.mesTxt, INDEX({"ENERO","FEBRERO","MARZO","ABRIL","MAYO","JUNIO","JULIO","AGOSTO","SEPTIEMBRE","OCTUBRE","NOVIEMBRE","DICIEMBRE"}, _xlpm.mesNum), _xlpm.colIni, MATCH(_xlpm.mesTxt, Maximos!$1:$1, 0), _xlpm.fila, MATCH($A33, Maximos!$A:$A, 0), _xlpm.anio, INDEX(Maximos!$A:$ZZ, _xlpm.fila, _xlpm.colIni+1), _xlpm.dia, INDEX(Maximos!$A:$ZZ, _xlpm.fila, _xlpm.colIni+2), IF(OR(_xlpm.anio="",_xlpm.dia=""), "No aplica", DATE(_xlpm.anio, _xlpm.mesNum, _xlpm.dia)) ), "")} -> 32304 | AX33: =IFERROR(AU33-AV33,"NA") -> -58
A34: 26240100 | B34: Guarumo-La Lucha | C34: Area Operativa 01 - Antioquia-Chocó | D34: -75.214917 | E34: 7.8629167 | F34: 70 | G34: 5 | H34: 5120 | I34: Antioquia | J34: Cáceres | K34: 0 | L34: 24 | M34: 0 | N34: 17 | O34: 4 | P34: 47 | Q34: 0 | R34: 1 | S34: 0 | T34: 11 | U34: 0 | V34: 0 | W34: 0 | X34: 22 | Y34: 0 | Z34: 7 | AA34: 28 | AB34: 2 | AC34: 0 | AD34: 0 | AE34: 0 | AF34: 0 | AG34: 0 | AH34: 0 | AI34: 24 | AJ34: 0 | AK34: 0 | AL34: 0 | AM34: 0 | AN34: 35 | AP34: =COUNTIF(K34:AO34,">=0") -> 30 | AQ34: =IF(AP34>0,SUM(K34:AO34),"") -> 222 | AR34: =IFERROR(VLOOKUP(A34,Climatologia_PP!A:U,9+Precipitacion!$E$2,FALSE),"") -> 345.68667 | AS34: =IFERROR((AQ34/AR34)*100,"") -> 64.220007 | AT34: =IFERROR(IF(AND((AQ34*$I$2*100/(AR34*AP34))>100+3.33*AQ34-AR34*AP34/$I$2,AR34<30),IF(100+3.33*AQ34-AR34*AP34/$I$2>200,200,100+3.33*AQ34-AR34*AP34/$I$2),IF((AQ34*$I$2*100/(AR34*AP34))<100+AQ34-3.33*AR34*AP34/$I$2,100+AQ34-3.33*AR34*AP34/$I$2,IF((AQ34*$I$2*100/(AR34*AP34))>200,200,(AQ34*$I$2*100/(AR34*AP34))))),"") -> 64.220007 | AU34: =IF(AP34>0,MAX(K34:AO34),"") -> 47 | AV34: =IFERROR(VLOOKUP(A34,Maximos!A:AQ,8+(Precipitacion!$E$2-1)*3,FALSE),"") -> 147 | AW34: {=IFERROR( _xlfn.LET( _xlpm.mesNum, E$2, _xlpm.mesTxt, INDEX({"ENERO","FEBRERO","MARZO","ABRIL","MAYO","JUNIO","JULIO","AGOSTO","SEPTIEMBRE","OCTUBRE","NOVIEMBRE","DICIEMBRE"}, _xlpm.mesNum), _xlpm.colIni, MATCH(_xlpm.mesTxt, Maximos!$1:$1, 0), _xlpm.fila, MATCH($A34, Maximos!$A:$A, 0), _xlpm.anio, INDEX(Maximos!$A:$ZZ, _xlpm.fila, _xlpm.colIni+1), _xlpm.dia, INDEX(Maximos!$A:$ZZ, _xlpm.fila, _xlpm.colIni+2), IF(OR(_xlpm.anio="",_xlpm.dia=""), "No aplica", DATE(_xlpm.anio, _xlpm.mesNum, _xlpm.dia)) ), "")} -> 42902 | AX34: =IFERROR(AU34-AV34,"NA") -> -100
A35: 26240160 | B35: La Coquera | C35: Area Operativa 01 - Antioquia-Chocó | D35: -75.2 | E35: 7.96 | F35: 49 | G35: 5 | H35: 5154 | I35: Antioquia | J35: Caucasia | K35: 0 | L35: 16 | M35: 0 | N35: 15 | O35: 2 | P35: 10 | Q35: 0 | R35: 0 | S35: 0 | T35: 0 | U35: 0 | V35: 0 | W35: 0 | X35: 19 | Y35: 0 | Z35: 12 | AA35: 70 | AB35: 0 | AC35: 0 | AD35: 0 | AE35: 0 | AF35: 0 | AG35: 0 | AH35: 0 | AI35: 26 | AJ35: 0 | AK35: 0 | AL35: 0 | AM35: 0 | AN35: 8 | AP35: =COUNTIF(K35:AO35,">=0") -> 30 | AQ35: =IF(AP35>0,SUM(K35:AO35),"") -> 178 | AR35: =IFERROR(VLOOKUP(A35,Climatologia_PP!A:U,9+Precipitacion!$E$2,FALSE),"") -> 355.57857 | AS35: =IFERROR((AQ35/AR35)*100,"") -> 50.05926 | AT35: =IFERROR(IF(AND((AQ35*$I$2*100/(AR35*AP35))>100+3.33*AQ35-AR35*AP35/$I$2,AR35<30),IF(100+3.33*AQ35-AR35*AP35/$I$2>200,200,100+3.33*AQ35-AR35*AP35/$I$2),IF((AQ35*$I$2*100/(AR35*AP35))<100+AQ35-3.33*AR35*AP35/$I$2,100+AQ35-3.33*AR35*AP35/$I$2,IF((AQ35*$I$2*100/(AR35*AP35))>200,200,(AQ35*$I$2*100/(AR35*AP35))))),"") -> 50.05926 | AU35: =IF(AP35>0,MAX(K35:AO35),"") -> 70 | AV35: =IFERROR(VLOOKUP(A35,Maximos!A:AQ,8+(Precipitacion!$E$2-1)*3,FALSE),"") -> 155 | AW35: {=IFERROR( _xlfn.LET( _xlpm.mesNum, E$2, _xlpm.mesTxt, INDEX({"ENERO","FEBRERO","MARZO","ABRIL","MAYO","JUNIO","JULIO","AGOSTO","SEPTIEMBRE","OCTUBRE","NOVIEMBRE","DICIEMBRE"}, _xlpm.mesNum), _xlpm.colIni, MATCH(_xlpm.mesTxt, Maximos!$1:$1, 0), _xlpm.fila, MATCH($A35, Maximos!$A:$A, 0), _xlpm.anio, INDEX(Maximos!$A:$ZZ, _xlpm.fila, _xlpm.colIni+1), _xlpm.dia, INDEX(Maximos!$A:$ZZ, _xlpm.fila, _xlpm.colIni+2), IF(OR(_xlpm.anio="",_xlpm.dia=""), "No aplica", DATE(_xlpm.anio, _xlpm.mesNum, _xlpm.dia)) ), "")} -> 35594 | AX35: =IFERROR(AU35-AV35,"NA") -> -85
A36: 27015260 | B36: La Salada | C36: Area Operativa 01 - Antioquia-Chocó | D36: -75.624667 | E36: 6.0483611 | F36: 1923 | G36: 5 | H36: 5129 | I36: Antioquia | J36: Caldas | K36: 20.7 | L36: 0.2 | M36: 6.8 | N36: 7.8 | O36: 2.4 | P36: 8.1 | Q36: 27 | R36: 10.2 | S36: 0.7 | T36: 10.5 | U36: 0.2 | V36: 0 | W36: 0 | X36: 2.1 | Y36: 8.4 | Z36: 0.5 | AA36: 8.8 | AB36: 9.9 | AC36: 7.3 | AD36: 9.9 | AE36: 0.9 | AF36: 9.4 | AG36: 0 | AH36: 0 | AI36: 0 | AJ36: 0 | AK36: 0 | AL36: 0 | AM36: 0 | AN36: 0 | AP36: =COUNTIF(K36:AO36,">=0") -> 30 | AQ36: =IF(AP36>0,SUM(K36:AO36),"") -> 151.8 | AR36: =IFERROR(VLOOKUP(A36,Climatologia_PP!A:U,9+Precipitacion!$E$2,FALSE),"") -> 210.825 | AS36: =IFERROR((AQ36/AR36)*100,"") -> 72.002846 | AT36: =IFERROR(IF(AND((AQ36*$I$2*100/(AR36*AP36))>100+3.33*AQ36-AR36*AP36/$I$2,AR36<30),IF(100+3.33*AQ36-AR36*AP36/$I$2>200,200,100+3.33*AQ36-AR36*AP36/$I$2),IF((AQ36*$I$2*100/(AR36*AP36))<100+AQ36-3.33*AR36*AP36/$I$2,100+AQ36-3.33*AR36*AP36/$I$2,IF((AQ36*$I$2*100/(AR36*AP36))>200,200,(AQ36*$I$2*100/(AR36*AP36))))),"") -> 72.002846 | AU36: =IF(AP36>0,MAX(K36:AO36),"") -> 27 | AV36: =IFERROR(VLOOKUP(A36,Maximos!A:AQ,8+(Precipitacion!$E$2-1)*3,FALSE),"") -> 95.1 | AW36: {=IFERROR( _xlfn.LET( _xlpm.mesNum, E$2, _xlpm.mesTxt, INDEX({"ENERO","FEBRERO","MARZO","ABRIL","MAYO","JUNIO","JULIO","AGOSTO","SEPTIEMBRE","OCTUBRE","NOVIEMBRE","DICIEMBRE"}, _xlpm.mesNum), _xlpm.colIni, MATCH(_xlpm.mesTxt, Maximos!$1:$1, 0), _xlpm.fila, MATCH($A36, Maximos!$A:$A, 0), _xlpm.anio, INDEX(Maximos!$A:$ZZ, _xlpm.fila, _xlpm.colIni+1), _xlpm.dia, INDEX(Maximos!$A:$ZZ, _xlpm.fila, _xlpm.colIni+2), IF(OR(_xlpm.anio="",_xlpm.dia=""), "No aplica", DATE(_xlpm.anio, _xlpm.mesNum, _xlpm.dia)) ), "")} -> 36322 | AX36: =IFERROR(AU36-AV36,"NA") -> -68.1
A37: 23080650 | B37: Campoalegre | C37: Area Operativa 01 - Antioquia-Chocó | D37: -75.335611 | E37: 6.0737778 | F37: 2183 | G37: 5 | H37: 5148 | I37: Antioquia | J37: El Carmen De Viboral | K37: 0 | L37: 0 | M37: 5 | N37: 1 | O37: 0 | P37: 4 | Q37: 30 | R37: 16 | S37: 3 | T37: 8 | U37: 0 | V37: 0 | W37: 4 | X37: 3 | Y37: 0 | Z37: 0 | AA37: 23 | AB37: 25 | AC37: 19 | AD37: 20 | AE37: 36 | AF37: 54 | AG37: 0 | AH37: 0 | AI37: 0 | AJ37: 0 | AK37: 0 | AL37: 0 | AM37: 0 | AN37: 0 | AP37: =COUNTIF(K37:AO37,">=0") -> 30 | AQ37: =IF(AP37>0,SUM(K37:AO37),"") -> 251 | AR37: =IFERROR(VLOOKUP(A37,Climatologia_PP!A:U,9+Precipitacion!$E$2,FALSE),"") -> 283.03333 | AS37: =IFERROR((AQ37/AR37)*100,"") -> 88.682134 | AT37: =IFERROR(IF(AND((AQ37*$I$2*100/(AR37*AP37))>100+3.33*AQ37-AR37*AP37/$I$2,AR37<30),IF(100+3.33*AQ37-AR37*AP37/$I$2>200,200,100+3.33*AQ37-AR37*AP37/$I$2),IF((AQ37*$I$2*100/(AR37*AP37))<100+AQ37-3.33*AR37*AP37/$I$2,100+AQ37-3.33*AR37*AP37/$I$2,IF((AQ37*$I$2*100/(AR37*AP37))>200,200,(AQ37*$I$2*100/(AR37*AP37))))),"") -> 88.682134 | AU37: =IF(AP37>0,MAX(K37:AO37),"") -> 54 | AV37: =IFERROR(VLOOKUP(A37,Maximos!A:AQ,8+(Precipitacion!$E$2-1)*3,FALSE),"") -> 93 | AW37: {=IFERROR( _xlfn.LET( _xlpm.mesNum, E$2, _xlpm.mesTxt, INDEX({"ENERO","FEBRERO","MARZO","ABRIL","MAYO","JUNIO","JULIO","AGOSTO","SEPTIEMBRE","OCTUBRE","NOVIEMBRE","DICIEMBRE"}, _xlpm.mesNum), _xlpm.colIni, MATCH(_xlpm.mesTxt, Maximos!$1:$1, 0), _xlpm.fila, MATCH($A37, Maximos!$A:$A, 0), _xlpm.anio, INDEX(Maximos!$A:$ZZ, _xlpm.fila, _xlpm.colIni+1), _xlpm.dia, INDEX(Maximos!$A:$ZZ, _xlpm.fila, _xlpm.colIni+2), IF(OR(_xlpm.anio="",_xlpm.dia=""), "No aplica", DATE(_xlpm.anio, _xlpm.mesNum, _xlpm.dia)) ), "")} -> 36312 | AX37: =IFERROR(AU37-AV37,"NA") -> -39
A38: 26210080 | B38: La Herradura | C38: Area Operativa 01 - Antioquia-Chocó | D38: -75.873972 | E38: 6.0992222 | F38: 849 | G38: 5 | H38: 5209 | I38: Antioquia | J38: Concordia | K38: 0 | L38: 2 | M38: 51 | N38: 12 | O38: 18 | P38: 27 | Q38: 34 | R38: 9 | S38: 3 | T38: 0 | U38: 0 | V38: 0 | W38: 0 | X38: 0 | Y38: 0 | Z38: 6 | AA38: 13 | AB38: 6 | AC38: 7 | AD38: 10 | AE38: 0 | AF38: 18 | AG38: 0 | AH38: 0 | AI38: 0 | AJ38: 0 | AK38: 0 | AL38: 3 | AM38: 0 | AN38: 0 | AP38: =COUNTIF(K38:AO38,">=0") -> 30 | AQ38: =IF(AP38>0,SUM(K38:AO38),"") -> 219 | AR38: =IFERROR(VLOOKUP(A38,Climatologia_PP!A:U,9+Precipitacion!$E$2,FALSE),"") -> 199 | AS38: =IFERROR((AQ38/AR38)*100,"") -> 110.05025 | AT38: =IFERROR(IF(AND((AQ38*$I$2*100/(AR38*AP38))>100+3.33*AQ38-AR38*AP38/$I$2,AR38<30),IF(100+3.33*AQ38-AR38*AP38/$I$2>200,200,100+3.33*AQ38-AR38*AP38/$I$2),IF((AQ38*$I$2*100/(AR38*AP38))<100+AQ38-3.33*AR38*AP38/$I$2,100+AQ38-3.33*AR38*AP38/$I$2,IF((AQ38*$I$2*100/(AR38*AP38))>200,200,(AQ38*$I$2*100/(AR38*AP38))))),"") -> 110.05025 | AU38: =IF(AP38>0,MAX(K38:AO38),"") -> 51 | AV38: =IFERROR(VLOOKUP(A38,Maximos!A:AQ,8+(Precipitacion!$E$2-1)*3,FALSE),"") -> 201 | AW38: {=IFERROR( _xlfn.LET( _xlpm.mesNum, E$2, _xlpm.mesTxt, INDEX({"ENERO","FEBRERO","MARZO","ABRIL","MAYO","JUNIO","JULIO","AGOSTO","SEPTIEMBRE","OCTUBRE","NOVIEMBRE","DICIEMBRE"}, _xlpm.mesNum), _xlpm.colIni, MATCH(_xlpm.mesTxt, Maximos!$1:$1, 0), _xlpm.fila, MATCH($A38, Maximos!$A:$A, 0), _xlpm.anio, INDEX(Maximos!$A:$ZZ, _xlpm.fila, _xlpm.colIni+1), _xlpm.dia, INDEX(Maximos!$A:$ZZ, _xlpm.fila, _xlpm.colIni+2), IF(OR(_xlpm.anio="",_xlpm.dia=""), "No aplica", DATE(_xlpm.anio, _xlpm.mesNum, _xlpm.dia)) ), "")} -> 30114 | AX38: =IFERROR(AU38-AV38,"NA") -> -150
A39: 23080640 | B39: Marinilla | C39: Area Operativa 01 - Antioquia-Chocó | D39: -75.317281 | E39: 6.1647689 | F39: 2088 | G39: 5 | H39: 5440 | I39: Antioquia | J39: Marinilla | K39: 0 | L39: 0 | M39: 3 | N39: 0 | O39: 0 | P39: 20 | Q39: 30 | R39: 20 | S39: 0 | T39: 0 | U39: 0 | V39: 0 | W39: 10 | X39: 0 | Y39: 2 | Z39: 0 | AA39: 5 | AB39: 5 | AC39: 20 | AD39: 15 | AE39: 3 | AF39: 40 | AG39: 0 | AH39: 0 | AI39: 0 | AJ39: 0 | AK39: 0 | AL39: 0 | AM39: 0 | AN39: 0 | AP39: =COUNTIF(K39:AO39,">=0") -> 30 | AQ39: =IF(AP39>0,SUM(K39:AO39),"") -> 173 | AR39: =IFERROR(VLOOKUP(A39,Climatologia_PP!A:U,9+Precipitacion!$E$2,FALSE),"") -> 159.04483 | AS39: =IFERROR((AQ39/AR39)*100,"") -> 108.77436 | AT39: =IFERROR(IF(AND((AQ39*$I$2*100/(AR39*AP39))>100+3.33*AQ39-AR39*AP39/$I$2,AR39<30),IF(100+3.33*AQ39-AR39*AP39/$I$2>200,200,100+3.33*AQ39-AR39*AP39/$I$2),IF((AQ39*$I$2*100/(AR39*AP39))<100+AQ39-3.33*AR39*AP39/$I$2,100+AQ39-3.33*AR39*AP39/$I$2,IF((AQ39*$I$2*100/(AR39*AP39))>200,200,(AQ39*$I$2*100/(AR39*AP39))))),"") -> 108.77436 | AU39: =IF(AP39>0,MAX(K39:AO39),"") -> 40 | AV39: =IFERROR(VLOOKUP(A39,Maximos!A:AQ,8+(Precipitacion!$E$2-1)*3,FALSE),"") -> 92 | AW39: {=IFERROR( _xlfn.LET( _xlpm.mesNum, E$2, _xlpm.mesTxt, INDEX({"ENERO","FEBRERO","MARZO","ABRIL","MAYO","JUNIO","JULIO","AGOSTO","SEPTIEMBRE","OCTUBRE","NOVIEMBRE","DICIEMBRE"}, _xlpm.mesNum), _xlpm.colIni, MATCH(_xlpm.mesTxt, Maximos!$1:$1, 0), _xlpm.fila, MATCH($A39, Maximos!$A:$A, 0), _xlpm.anio, INDEX(Maximos!$A:$ZZ, _xlpm.fila, _xlpm.colIni+1), _xlpm.dia, INDEX(Maximos!$A:$ZZ, _xlpm.fila, _xlpm.colIni+2), IF(OR(_xlpm.anio="",_xlpm.dia=""), "No aplica", DATE(_xlpm.anio, _xlpm.mesNum, _xlpm.dia)) ), "")} -> 34147 | AX39: =IFERROR(AU39-AV39,"NA") -> -52
A40: 27020220 | B40: Los Llanos De Cuiba | C40: Area Operativa 01 - Antioquia-Chocó | D40: -75.483861 | E40: 6.8136111 | F40: 2750 | G40: 5 | H40: 5887 | I40: Antioquia | J40: Yarumal | K40: 0 | L40: 0 | M40: 9.8 | N40: 10.2 | O40: 4.1 | P40: 17.2 | Q40: 19.1 | R40: 13.5 | S40: 5.7 | T40: 9.7 | U40: 0 | V40: 0 | W40: 22.8 | X40: 20.7 | Y40: 18.4 | Z40: 0 | AA40: 28.2 | AB40: 16.1 | AC40: 0 | AD40: 0 | AE40: 0 | AF40: 22.5 | AG40: 0 | AH40: 0 | AI40: 0 | AJ40: 0 | AK40: 0 | AL40: 0 | AM40: 0 | AN40: 0 | AP40: =COUNTIF(K40:AO40,">=0") -> 30 | AQ40: =IF(AP40>0,SUM(K40:AO40),"") -> 218 | AR40: =IFERROR(VLOOKUP(A40,Climatologia_PP!A:U,9+Precipitacion!$E$2,FALSE),"") -> 239.2 | AS40: =IFERROR((AQ40/AR40)*100,"") -> 91.137124 | AT40: =IFERROR(IF(AND((AQ40*$I$2*100/(AR40*AP40))>100+3.33*AQ40-AR40*AP40/$I$2,AR40<30),IF(100+3.33*AQ40-AR40*AP40/$I$2>200,200,100+3.33*AQ40-AR40*AP40/$I$2),IF((AQ40*$I$2*100/(AR40*AP40))<100+AQ40-3.33*AR40*AP40/$I$2,100+AQ40-3.33*AR40*AP40/$I$2,IF((AQ40*$I$2*100/(AR40*AP40))>200,200,(AQ40*$I$2*100/(AR40*AP40))))),"") -> 91.137124 | AU40: =IF(AP40>0,MAX(K40:AO40),"") -> 28.2 | AV40: =IFERROR(VLOOKUP(A40,Maximos!A:AQ,8+(Precipitacion!$E$2-1)*3,FALSE),"") -> 210 | AW40: {=IFERROR( _xlfn.LET( _xlpm.mesNum, E$2, _xlpm.mesTxt, INDEX({"ENERO","FEBRERO","MARZO","ABRIL","MAYO","JUNIO","JULIO","AGOSTO","SEPTIEMBRE","OCTUBRE","NOVIEMBRE","DICIEMBRE"}, _xlpm.mesNum), _xlpm.colIni, MATCH(_xlpm.mesTxt, Maximos!$1:$1, 0), _xlpm.fila, MATCH($A40, Maximos!$A:$A, 0), _xlpm.anio, INDEX(Maximos!$A:$ZZ, _xlpm.fila, _xlpm.colIni+1), _xlpm.dia, INDEX(Maximos!$A:$ZZ, _xlpm.fila, _xlpm.colIni+2), IF(OR(_xlpm.anio="",_xlpm.dia=""), "No aplica", DATE(_xlpm.anio, _xlpm.mesNum, _xlpm.dia)) ), "")} -> 28652 | AX40: =IFERROR(AU40-AV40,"NA") -> -181.8
A41: 26230200 | B41: Sabanalarga | C41: Area Operativa 01 - Antioquia-Chocó | D41: -75.814806 | E41: 6.846 | F41: 910 | G41: 5 | H41: 5628 | I41: Antioquia | J41: Sabanalarga | K41: 0 | L41: 0.3 | M41: 16.1 | N41: 5 | O41: 6.1 | P41: 3 | Q41: 2.2 | R41: 5.6 | S41: 0 | T41: 2 | U41: 0 | V41: 0 | W41: 8.2 | X41: 0 | Y41: 7.5 | Z41: 0 | AA41: 16.3 | AB41: 3.4 | AC41: 2.6 | AD41: 0.4 | AE41: 0 | AF41: 7.6 | AG41: 0 | AH41: 0 | AI41: 0 | AJ41: 0 | AK41: 0 | AL41: 0 | AM41: 0 | AN41: 0 | AP41: =COUNTIF(K41:AO41,">=0") -> 30 | AQ41: =IF(AP41>0,SUM(K41:AO41),"") -> 86.3 | AR41: =IFERROR(VLOOKUP(A41,Climatologia_PP!A:U,9+Precipitacion!$E$2,FALSE),"") -> 164.27241 | AS41: =IFERROR((AQ41/AR41)*100,"") -> 52.534688 | AT41: =IFERROR(IF(AND((AQ41*$I$2*100/(AR41*AP41))>100+3.33*AQ41-AR41*AP41/$I$2,AR41<30),IF(100+3.33*AQ41-AR41*AP41/$I$2>200,200,100+3.33*AQ41-AR41*AP41/$I$2),IF((AQ41*$I$2*100/(AR41*AP41))<100+AQ41-3.33*AR41*AP41/$I$2,100+AQ41-3.33*AR41*AP41/$I$2,IF((AQ41*$I$2*100/(AR41*AP41))>200,200,(AQ41*$I$2*100/(AR41*AP41))))),"") -> 52.534688 | AU41: =IF(AP41>0,MAX(K41:AO41),"") -> 16.3 | AV41: =IFERROR(VLOOKUP(A41,Maximos!A:AQ,8+(Precipitacion!$E$2-1)*3,FALSE),"") -> 93 | AW41: {=IFERROR( _xlfn.LET( _xlpm.mesNum, E$2, _xlpm.mesTxt, INDEX({"ENERO","FEBRERO","MARZO","ABRIL","MAYO","JUNIO","JULIO","AGOSTO","SEPTIEMBRE","OCTUBRE","NOVIEMBRE","DICIEMBRE"}, _xlpm.mesNum), _xlpm.colIni, MATCH(_xlpm.mesTxt, Maximos!$1:$1, 0), _xlpm.fila, MATCH($A41, Maximos!$A:$A, 0), _xlpm.anio, INDEX(Maximos!$A:$ZZ, _xlpm.fila, _xlpm.colIni+1), _xlpm.dia, INDEX(Maximos!$A:$ZZ, _xlpm.fila, _xlpm.colIni+2), IF(OR(_xlpm.anio="",_xlpm.dia=""), "No aplica", DATE(_xlpm.anio, _xlpm.mesNum, _xlpm.dia)) ), "")} -> 43621 | AX41: =IFERROR(AU41-AV41,"NA") -> -76.7
A42: 23085110 | B42: El Penol | C42: Area Operativa 01 - Antioquia-Chocó | D42: -75.241389 | E42: 6.2138889 | F42: 2022 | G42: 5 | H42: 5541 | I42: Antioquia | J42: Peñol | K42: 0 | L42: 0 | M42: 5 | N42: 31.5 | O42: 0 | P42: 15 | Q42: 49 | R42: 28.3 | S42: 1.2 | T42: 3.3 | U42: 0 | V42: 0 | W42: 7.5 | X42: 4.5 | Y42: 3 | Z42: 0 | AA42: 8.7 | AB42: 16 | AC42: 9.5 | AD42: 5 | AE42: 28 | AF42: 26 | AG42: 0 | AH42: 0 | AI42: 0 | AJ42: 0 | AK42: 0 | AL42: 0 | AM42: 0 | AN42: 0 | AP42: =COUNTIF(K42:AO42,">=0") -> 30 | AQ42: =IF(AP42>0,SUM(K42:AO42),"") -> 241.5 | AR42: =IFERROR(VLOOKUP(A42,Climatologia_PP!A:U,9+Precipitacion!$E$2,FALSE),"") -> 198.49231 | AS42: =IFERROR((AQ42/AR42)*100,"") -> 121.66718 | AT42: =IFERROR(IF(AND((AQ42*$I$2*100/(AR42*AP42))>100+3.33*AQ42-AR42*AP42/$I$2,AR42<30),IF(100+3.33*AQ42-AR42*AP42/$I$2>200,200,100+3.33*AQ42-AR42*AP42/$I$2),IF((AQ42*$I$2*100/(AR42*AP42))<100+AQ42-3.33*AR42*AP42/$I$2,100+AQ42-3.33*AR42*AP42/$I$2,IF((AQ42*$I$2*100/(AR42*AP42))>200,200,(AQ42*$I$2*100/(AR42*AP42))))),"") -> 121.66718 | AU42: =IF(AP42>0,MAX(K42:AO42),"") -> 49 | AV42: =IFERROR(VLOOKUP(A42,Maximos!A:AQ,8+(Precipitacion!$E$2-1)*3,FALSE),"") -> 75.2 | AW42: {=IFERROR( _xlfn.LET( _xlpm.mesNum, E$2, _xlpm.mesTxt, INDEX({"ENERO","FEBRERO","MARZO","ABRIL","MAYO","JUNIO","JULIO","AGOSTO","SEPTIEMBRE","OCTUBRE","NOVIEMBRE","DICIEMBRE"}, _xlpm.mesNum), _xlpm.colIni, MATCH(_xlpm.mesTxt, Maximos!$1:$1, 0), _xlpm.fila, MATCH($A42, Maximos!$A:$A, 0), _xlpm.anio, INDEX(Maximos!$A:$ZZ, _xlpm.fila, _xlpm.colIni+1), _xlpm.dia, INDEX(Maximos!$A:$ZZ, _xlpm.fila, _xlpm.colIni+2), IF(OR(_xlpm.anio="",_xlpm.dia=""), "No aplica", DATE(_xlpm.anio, _xlpm.mesNum, _xlpm.dia)) ), "")} -> 38509 | AX42: =IFERROR(AU42-AV42,"NA") -> -26.2
... A74: 26170190 | B74: El Dique | C74: Area Operativa 01 - Antioquia-Chocó | D74: -75.723611 | E74: 5.8038611 | F74: 922 | G74: 5 | H74: 5368 | I74: Antioquia | J74: Jericó | K74: 0 | L74: 0 | M74: 15.3 | N74: 11.7 | O74: 8.2 | P74: 21.5 | Q74: 12.8 | R74: 14.6 | S74: 0 | T74: 0 | U74: 0 | V74: 0 | W74: 0 | X74: 7.3 | Y74: 0 | Z74: 4.7 | AA74: 44.3 | AB74: 4.8 | AC74: 5.1 | AD74: 8.9 | AE74: 0 | AF74: 24.2 | AG74: 0 | AH74: 0 | AI74: 0 | AJ74: 0 | AK74: 0 | AL74: 0 | AM74: 0 | AN74: 0 | AP74: =COUNTIF(K74:AO74,">=0") -> 30 | AQ74: =IF(AP74>0,SUM(K74:AO74),"") -> 183.4 | AR74: =IFERROR(VLOOKUP(A74,Climatologia_PP!A:U,9+Precipitacion!$E$2,FALSE),"") -> 263.57 | AS74: =IFERROR((AQ74/AR74)*100,"") -> 69.583033 | AT74: =IFERROR(IF(AND((AQ74*$I$2*100/(AR74*AP74))>100+3.33*AQ74-AR74*AP74/$I$2,AR74<30),IF(100+3.33*AQ74-AR74*AP74/$I$2>200,200,100+3.33*AQ74-AR74*AP74/$I$2),IF((AQ74*$I$2*100/(AR74*AP74))<100+AQ74-3.33*AR74*AP74/$I$2,100+AQ74-3.33*AR74*AP74/$I$2,IF((AQ74*$I$2*100/(AR74*AP74))>200,200,(AQ74*$I$2*100/(AR74*AP74))))),"") -> 69.583033 | AU74: =IF(AP74>0,MAX(K74:AO74),"") -> 44.3 | AV74: =IFERROR(VLOOKUP(A74,Maximos!A:AQ,8+(Precipitacion!$E$2-1)*3,FALSE),"") -> 124 | AW74: {=IFERROR( _xlfn.LET( _xlpm.mesNum, E$2, _xlpm.mesTxt, INDEX({"ENERO","FEBRERO","MARZO","ABRIL","MAYO","JUNIO","JULIO","AGOSTO","SEPTIEMBRE","OCTUBRE","NOVIEMBRE","DICIEMBRE"}, _xlpm.mesNum), _xlpm.colIni, MATCH(_xlpm.mesTxt, Maximos!$1:$1, 0), _xlpm.fila, MATCH($A74, Maximos!$A:$A, 0), _xlpm.anio, INDEX(Maximos!$A:$ZZ, _xlpm.fila, _xlpm.colIni+1), _xlpm.dia, INDEX(Maximos!$A:$ZZ, _xlpm.fila, _xlpm.colIni+2), IF(OR(_xlpm.anio="",_xlpm.dia=""), "No aplica", DATE(_xlpm.anio, _xlpm.mesNum, _xlpm.dia)) ), "")} -> 30846 | AX74: =IFERROR(AU74-AV74,"NA") -> -79.7
A75: 25021480 | B75: La Esperanza Radio | C75: Area Operativa 01 - Antioquia-Chocó | D75: -74.79 | E75: 8.03 | F75: 31 | G75: 5 | H75: 5495 | I75: Antioquia | J75: Nechí | K75: 0 | L75: 20 | M75: 0 | N75: 0 | O75: 0 | P75: 100 | Q75: 0 | R75: 0 | S75: 0 | T75: 0 | U75: 0 | V75: 0 | W75: 0 | X75: 0 | Y75: 0 | Z75: 0 | AA75: 18 | AB75: 0 | AC75: 0 | AD75: 9 | AE75: 0 | AF75: 0 | AG75: 0 | AH75: 0 | AI75: 0 | AJ75: 0 | AK75: 0 | AP75: =COUNTIF(K75:AO75,">=0") -> 27 | AQ75: =IF(AP75>0,SUM(K75:AO75),"") -> 147 | AR75: =IFERROR(VLOOKUP(A75,Climatologia_PP!A:U,9+Precipitacion!$E$2,FALSE),"") -> 546.55 | AS75: =IFERROR((AQ75/AR75)*100,"") -> 26.895984 | AT75: =IFERROR(IF(AND((AQ75*$I$2*100/(AR75*AP75))>100+3.33*AQ75-AR75*AP75/$I$2,AR75<30),IF(100+3.33*AQ75-AR75*AP75/$I$2>200,200,100+3.33*AQ75-AR75*AP75/$I$2),IF((AQ75*$I$2*100/(AR75*AP75))<100+AQ75-3.33*AR75*AP75/$I$2,100+AQ75-3.33*AR75*AP75/$I$2,IF((AQ75*$I$2*100/(AR75*AP75))>200,200,(AQ75*$I$2*100/(AR75*AP75))))),"") -> 29.884427 | AU75: =IF(AP75>0,MAX(K75:AO75),"") -> 100 | AV75: =IFERROR(VLOOKUP(A75,Maximos!A:AQ,8+(Precipitacion!$E$2-1)*3,FALSE),"") -> 150 | AW75: {=IFERROR( _xlfn.LET( _xlpm.mesNum, E$2, _xlpm.mesTxt, INDEX({"ENERO","FEBRERO","MARZO","ABRIL","MAYO","JUNIO","JULIO","AGOSTO","SEPTIEMBRE","OCTUBRE","NOVIEMBRE","DICIEMBRE"}, _xlpm.mesNum), _xlpm.colIni, MATCH(_xlpm.mesTxt, Maximos!$1:$1, 0), _xlpm.fila, MATCH($A75, Maximos!$A:$A, 0), _xlpm.anio, INDEX(Maximos!$A:$ZZ, _xlpm.fila, _xlpm.colIni+1), _xlpm.dia, INDEX(Maximos!$A:$ZZ, _xlpm.fila, _xlpm.colIni+2), IF(OR(_xlpm.anio="",_xlpm.dia=""), "No aplica", DATE(_xlpm.anio, _xlpm.mesNum, _xlpm.dia)) ), "")} -> 42160 | AX75: =IFERROR(AU75-AV75,"NA") -> -50
A76: 27020210 | B76: Angostura | C76: Area Operativa 01 - Antioquia-Chocó | D76: -75.332472 | E76: 6.8830556 | F76: 1650 | G76: 5 | H76: 5038 | I76: Antioquia | J76: Angostura | K76: 0 | L76: 0 | M76: 36 | N76: 12 | O76: 0 | P76: 22 | Q76: 38 | R76: 0 | S76: 17 | T76: 0 | U76: 0 | V76: 28 | W76: 0 | X76: 0 | Y76: 6 | Z76: 0 | AA76: 24 | AB76: 0 | AC76: 0 | AD76: 4 | AE76: 0 | AF76: 32 | AG76: 0 | AI76: 25 | AJ76: 0 | AK76: 0 | AL76: 0 | AM76: 0 | AN76: 0 | AP76: =COUNTIF(K76:AO76,">=0") -> 29 | AQ76: =IF(AP76>0,SUM(K76:AO76),"") -> 244 | AR76: =IFERROR(VLOOKUP(A76,Climatologia_PP!A:U,9+Precipitacion!$E$2,FALSE),"") -> 381.47333 | AS76: =IFERROR((AQ76/AR76)*100,"") -> 63.962531 | AT76: =IFERROR(IF(AND((AQ76*$I$2*100/(AR76*AP76))>100+3.33*AQ76-AR76*AP76/$I$2,AR76<30),IF(100+3.33*AQ76-AR76*AP76/$I$2>200,200,100+3.33*AQ76-AR76*AP76/$I$2),IF((AQ76*$I$2*100/(AR76*AP76))<100+AQ76-3.33*AR76*AP76/$I$2,100+AQ76-3.33*AR76*AP76/$I$2,IF((AQ76*$I$2*100/(AR76*AP76))>200,200,(AQ76*$I$2*100/(AR76*AP76))))),"") -> 66.168136 | AU76: =IF(AP76>0,MAX(K76:AO76),"") -> 38 | AV76: =IFERROR(VLOOKUP(A76,Maximos!A:AQ,8+(Precipitacion!$E$2-1)*3,FALSE),"") -> 132 | AW76: {=IFERROR( _xlfn.LET( _xlpm.mesNum, E$2, _xlpm.mesTxt, INDEX({"ENERO","FEBRERO","MARZO","ABRIL","MAYO","JUNIO","JULIO","AGOSTO","SEPTIEMBRE","OCTUBRE","NOVIEMBRE","DICIEMBRE"}, _xlpm.mesNum), _xlpm.colIni, MATCH(_xlpm.mesTxt, Maximos!$1:$1, 0), _xlpm.fila, MATCH($A76, Maximos!$A:$A, 0), _xlpm.anio, INDEX(Maximos!$A:$ZZ, _xlpm.fila, _xlpm.colIni+1), _xlpm.dia, INDEX(Maximos!$A:$ZZ, _xlpm.fila, _xlpm.colIni+2), IF(OR(_xlpm.anio="",_xlpm.dia=""), "No aplica", DATE(_xlpm.anio, _xlpm.mesNum, _xlpm.dia)) ), "")} -> 27207 | AX76: =IFERROR(AU76-AV76,"NA") -> -94
A77: 26230240 | B77: La Abertura | C77: Area Operativa 01 - Antioquia-Chocó | D77: -75.704833 | E77: 6.9001944 | F77: 2550 | G77: 5 | H77: 5647 | I77: Antioquia | J77: San Andrés De Cuerquía | K77: 0 | L77: 0 | M77: 7.4 | N77: 4.6 | O77: 2 | P77: 6.4 | Q77: 12 | R77: 8.3 | S77: 2.8 | T77: 3.2 | U77: 0 | V77: 6.2 | W77: 5.7 | X77: 0 | Y77: 12.5 | Z77: 0 | AA77: 0 | AB77: 4.2 | AC77: 12.4 | AD77: 2 | AE77: 4.3 | AF77: 7 | AG77: 0 | AH77: 0 | AI77: 0 | AJ77: 0 | AK77: 0 | AL77: 0 | AM77: 0 | AN77: 0 | AP77: =COUNTIF(K77:AO77,">=0") -> 30 | AQ77: =IF(AP77>0,SUM(K77:AO77),"") -> 101 | AR77: =IFERROR(VLOOKUP(A77,Climatologia_PP!A:U,9+Precipitacion!$E$2,FALSE),"") | AS77: =IFERROR((AQ77/AR77)*100,"") | AT77: =IFERROR(IF(AND((AQ77*$I$2*100/(AR77*AP77))>100+3.33*AQ77-AR77*AP77/$I$2,AR77<30),IF(100+3.33*AQ77-AR77*AP77/$I$2>200,200,100+3.33*AQ77-AR77*AP77/$I$2),IF((AQ77*$I$2*100/(AR77*AP77))<100+AQ77-3.33*AR77*AP77/$I$2,100+AQ77-3.33*AR77*AP77/$I$2,IF((AQ77*$I$2*100/(AR77*AP77))>200,200,(AQ77*$I$2*100/(AR77*AP77))))),"") | AU77: =IF(AP77>0,MAX(K77:AO77),"") -> 12.5 | AV77: =IFERROR(VLOOKUP(A77,Maximos!A:AQ,8+(Precipitacion!$E$2-1)*3,FALSE),"") -> 98 | AW77: {=IFERROR( _xlfn.LET( _xlpm.mesNum, E$2, _xlpm.mesTxt, INDEX({"ENERO","FEBRERO","MARZO","ABRIL","MAYO","JUNIO","JULIO","AGOSTO","SEPTIEMBRE","OCTUBRE","NOVIEMBRE","DICIEMBRE"}, _xlpm.mesNum), _xlpm.colIni, MATCH(_xlpm.mesTxt, Maximos!$1:$1, 0), _xlpm.fila, MATCH($A77, Maximos!$A:$A, 0), _xlpm.anio, INDEX(Maximos!$A:$ZZ, _xlpm.fila, _xlpm.colIni+1), _xlpm.dia, INDEX(Maximos!$A:$ZZ, _xlpm.fila, _xlpm.colIni+2), IF(OR(_xlpm.anio="",_xlpm.dia=""), "No aplica", DATE(_xlpm.anio, _xlpm.mesNum, _xlpm.dia)) ), "")} -> 39974 | AX77: =IFERROR(AU77-AV77,"NA") -> -85.5
A78: 26230110 | B78: San Andres | C78: Area Operativa 01 - Antioquia-Chocó | D78: -75.669861 | E78: 6.9098333 | F78: 1839 | G78: 5 | H78: 5647 | I78: Antioquia | J78: San Andrés De Cuerquía | AP78: =COUNTIF(K78:AO78,">=0") -> 0 | AQ78: =IF(AP78>0,SUM(K78:AO78),"") | AR78: =IFERROR(VLOOKUP(A78,Climatologia_PP!A:U,9+Precipitacion!$E$2,FALSE),"") -> 185.68966 | AS78: =IFERROR((AQ78/AR78)*100,"") | AT78: =IFERROR(IF(AND((AQ78*$I$2*100/(AR78*AP78))>100+3.33*AQ78-AR78*AP78/$I$2,AR78<30),IF(100+3.33*AQ78-AR78*AP78/$I$2>200,200,100+3.33*AQ78-AR78*AP78/$I$2),IF((AQ78*$I$2*100/(AR78*AP78))<100+AQ78-3.33*AR78*AP78/$I$2,100+AQ78-3.33*AR78*AP78/$I$2,IF((AQ78*$I$2*100/(AR78*AP78))>200,200,(AQ78*$I$2*100/(AR78*AP78))))),"") | AU78: =IF(AP78>0,MAX(K78:AO78),"") | AV78: =IFERROR(VLOOKUP(A78,Maximos!A:AQ,8+(Precipitacion!$E$2-1)*3,FALSE),"") -> 72 | AW78: {=IFERROR( _xlfn.LET( _xlpm.mesNum, E$2, _xlpm.mesTxt, INDEX({"ENERO","FEBRERO","MARZO","ABRIL","MAYO","JUNIO","JULIO","AGOSTO","SEPTIEMBRE","OCTUBRE","NOVIEMBRE","DICIEMBRE"}, _xlpm.mesNum), _xlpm.colIni, MATCH(_xlpm.mesTxt, Maximos!$1:$1, 0), _xlpm.fila, MATCH($A78, Maximos!$A:$A, 0), _xlpm.anio, INDEX(Maximos!$A:$ZZ, _xlpm.fila, _xlpm.colIni+1), _xlpm.dia, INDEX(Maximos!$A:$ZZ, _xlpm.fila, _xlpm.colIni+2), IF(OR(_xlpm.anio="",_xlpm.dia=""), "No aplica", DATE(_xlpm.anio, _xlpm.mesNum, _xlpm.dia)) ), "")} -> 22800 | AX78: =IFERROR(AU78-AV78,"NA") -> NA
A79: 27040040 | B79: Nechi | C79: Area Operativa 01 - Antioquia-Chocó | D79: -74.769444 | E79: 8.0971667 | F79: 22 | G79: 5 | H79: 5495 | I79: Antioquia | J79: Nechí | K79: 0 | L79: 18 | M79: 0 | N79: 0 | O79: 0 | P79: 50 | Q79: 0 | R79: 0 | S79: 0 | T79: 0 | U79: 0 | V79: 0 | W79: 0 | X79: 0 | Y79: 0 | Z79: 0 | AA79: 25 | AB79: 0 | AC79: 0 | AD79: 0 | AE79: 0 | AF79: 0 | AG79: 0 | AH79: 0 | AI79: 0 | AJ79: 0 | AK79: 0 | AL79: 0 | AM79: 0 | AP79: =COUNTIF(K79:AO79,">=0") -> 29 | AQ79: =IF(AP79>0,SUM(K79:AO79),"") -> 93 | AR79: =IFERROR(VLOOKUP(A79,Climatologia_PP!A:U,9+Precipitacion!$E$2,FALSE),"") | AS79: =IFERROR((AQ79/AR79)*100,"") | AT79: =IFERROR(IF(AND((AQ79*$I$2*100/(AR79*AP79))>100+3.33*AQ79-AR79*AP79/$I$2,AR79<30),IF(100+3.33*AQ79-AR79*AP79/$I$2>200,200,100+3.33*AQ79-AR79*AP79/$I$2),IF((AQ79*$I$2*100/(AR79*AP79))<100+AQ79-3.33*AR79*AP79/$I$2,100+AQ79-3.33*AR79*AP79/$I$2,IF((AQ79*$I$2*100/(AR79*AP79))>200,200,(AQ79*$I$2*100/(AR79*AP79))))),"") | AU79: =IF(AP79>0,MAX(K79:AO79),"") -> 50 | AV79: =IFERROR(VLOOKUP(A79,Maximos!A:AQ,8+(Precipitacion!$E$2-1)*3,FALSE),"") -> 134 | AW79: {=IFERROR( _xlfn.LET( _xlpm.mesNum, E$2, _xlpm.mesTxt, INDEX({"ENERO","FEBRERO","MARZO","ABRIL","MAYO","JUNIO","JULIO","AGOSTO","SEPTIEMBRE","OCTUBRE","NOVIEMBRE","DICIEMBRE"}, _xlpm.mesNum), _xlpm.colIni, MATCH(_xlpm.mesTxt, Maximos!$1:$1, 0), _xlpm.fila, MATCH($A79, Maximos!$A:$A, 0), _xlpm.anio, INDEX(Maximos!$A:$ZZ, _xlpm.fila, _xlpm.colIni+1), _xlpm.dia, INDEX(Maximos!$A:$ZZ, _xlpm.fila, _xlpm.colIni+2), IF(OR(_xlpm.anio="",_xlpm.dia=""), "No aplica", DATE(_xlpm.anio, _xlpm.mesNum, _xlpm.dia)) ), "")} -> 42162 | AX79: =IFERROR(AU79-AV79,"NA") -> -84
A80: 27020190 | B80: Yarumal | C80: Area Operativa 01 - Antioquia-Chocó | D80: -75.415556 | E80: 6.9559722 | F80: 2181 | G80: 5 | H80: 5887 | I80: Antioquia | J80: Yarumal | K80: 0 | L80: 6 | M80: 0 | N80: 5 | O80: 5 | P80: 9 | Q80: 18 | R80: 0 | S80: 7 | T80: 0 | U80: 0 | V80: 4 | W80: 0 | X80: 0 | Y80: 6 | Z80: 3 | AA80: 17 | AB80: 0 | AC80: 0 | AD80: 0 | AE80: 0 | AF80: 0 | AG80: 0 | AH80: 3 | AI80: 0 | AJ80: 0 | AK80: 0 | AL80: 0 | AM80: 0 | AN80: 0 | AP80: =COUNTIF(K80:AO80,">=0") -> 30 | AQ80: =IF(AP80>0,SUM(K80:AO80),"") -> 83 | AR80: =IFERROR(VLOOKUP(A80,Climatologia_PP!A:U,9+Precipitacion!$E$2,FALSE),"") -> 318.18519 | AS80: =IFERROR((AQ80/AR80)*100,"") -> 26.085438 | AT80: =IFERROR(IF(AND((AQ80*$I$2*100/(AR80*AP80))>100+3.33*AQ80-AR80*AP80/$I$2,AR80<30),IF(100+3.33*AQ80-AR80*AP80/$I$2>200,200,100+3.33*AQ80-AR80*AP80/$I$2),IF((AQ80*$I$2*100/(AR80*AP80))<100+AQ80-3.33*AR80*AP80/$I$2,100+AQ80-3.33*AR80*AP80/$I$2,IF((AQ80*$I$2*100/(AR80*AP80))>200,200,(AQ80*$I$2*100/(AR80*AP80))))),"") -> 26.085438 | AU80: =IF(AP80>0,MAX(K80:AO80),"") -> 18 | AV80: =IFERROR(VLOOKUP(A80,Maximos!A:AQ,8+(Precipitacion!$E$2-1)*3,FALSE),"") -> 167 | AW80: {=IFERROR( _xlfn.LET( _xlpm.mesNum, E$2, _xlpm.mesTxt, INDEX({"ENERO","FEBRERO","MARZO","ABRIL","MAYO","JUNIO","JULIO","AGOSTO","SEPTIEMBRE","OCTUBRE","NOVIEMBRE","DICIEMBRE"}, _xlpm.mesNum), _xlpm.colIni, MATCH(_xlpm.mesTxt, Maximos!$1:$1, 0), _xlpm.fila, MATCH($A80, Maximos!$A:$A, 0), _xlpm.anio, INDEX(Maximos!$A:$ZZ, _xlpm.fila, _xlpm.colIni+1), _xlpm.dia, INDEX(Maximos!$A:$ZZ, _xlpm.fila, _xlpm.colIni+2), IF(OR(_xlpm.anio="",_xlpm.dia=""), "No aplica", DATE(_xlpm.anio, _xlpm.mesNum, _xlpm.dia)) ), "")} -> 28645 | AX80: =IFERROR(AU80-AV80,"NA") -> -149
A81: 12020010 | B81: Pueblo Bello | C81: Area Operativa 01 - Antioquia-Chocó | D81: -76.52 | E81: 8.1999972 | F81: 136 | G81: 5 | H81: 5837 | I81: Antioquia | J81: Turbo | K81: 0 | L81: 14 | M81: 0 | N81: 0 | O81: 0 | P81: 0 | Q81: 0 | R81: 0 | S81: 0 | T81: 0 | U81: 0 | V81: 0 | W81: 0 | X81: 3 | Y81: 0 | Z81: 5 | AA81: 0 | AB81: 0 | AC81: 6 | AD81: 0 | AE81: 0 | AF81: 3 | AG81: 0 | AH81: 0 | AI81: 33 | AJ81: 0 | AK81: 0 | AL81: 0 | AM81: 0 | AN81: 3 | AP81: =COUNTIF(K81:AO81,">=0") -> 30 | AQ81: =IF(AP81>0,SUM(K81:AO81),"") -> 67 | AR81: =IFERROR(VLOOKUP(A81,Climatologia_PP!A:U,9+Precipitacion!$E$2,FALSE),"") -> 158.46667 | AS81: =IFERROR((AQ81/AR81)*100,"") -> 42.280185 | AT81: =IFERROR(IF(AND((AQ81*$I$2*100/(AR81*AP81))>100+3.33*AQ81-AR81*AP81/$I$2,AR81<30),IF(100+3.33*AQ81-AR81*AP81/$I$2>200,200,100+3.33*AQ81-AR81*AP81/$I$2),IF((AQ81*$I$2*100/(AR81*AP81))<100+AQ81-3.33*AR81*AP81/$I$2,100+AQ81-3.33*AR81*AP81/$I$2,IF((AQ81*$I$2*100/(AR81*AP81))>200,200,(AQ81*$I$2*100/(AR81*AP81))))),"") -> 42.280185 | AU81: =IF(AP81>0,MAX(K81:AO81),"") -> 33 | AV81: =IFERROR(VLOOKUP(A81,Maximos!A:AQ,8+(Precipitacion!$E$2-1)*3,FALSE),"") -> 135 | AW81: {=IFERROR( _xlfn.LET( _xlpm.mesNum, E$2, _xlpm.mesTxt, INDEX({"ENERO","FEBRERO","MARZO","ABRIL","MAYO","JUNIO","JULIO","AGOSTO","SEPTIEMBRE","OCTUBRE","NOVIEMBRE","DICIEMBRE"}, _xlpm.mesNum), _xlpm.colIni, MATCH(_xlpm.mesTxt, Maximos!$1:$1, 0), _xlpm.fila, MATCH($A81, Maximos!$A:$A, 0), _xlpm.anio, INDEX(Maximos!$A:$ZZ, _xlpm.fila, _xlpm.colIni+1), _xlpm.dia, INDEX(Maximos!$A:$ZZ, _xlpm.fila, _xlpm.colIni+2), IF(OR(_xlpm.anio="",_xlpm.dia=""), "No aplica", DATE(_xlpm.anio, _xlpm.mesNum, _xlpm.dia)) ), "")} -> 35225 | AX81: =IFERROR(AU81-AV81,"NA") -> -102
A82: 26220110 | B82: Santa Rita | C82: Area Operativa 01 - Antioquia-Chocó | D82: -75.616861 | E82: 7.32375 | F82: 2039 | G82: 5 | H82: 5361 | I82: Antioquia | J82: Ituango | K82: 0 | L82: 20 | M82: 31 | N82: 19 | O82: 0 | P82: 15 | Q82: 5 | R82: 6 | S82: 2 | T82: 0 | U82: 0 | V82: 0 | W82: 3 | X82: 5 | Y82: 7 | Z82: 5 | AA82: 26 | AB82: 0 | AC82: 4 | AD82: 0 | AE82: 0 | AF82: 5 | AG82: 0 | AH82: 0 | AI82: 0 | AJ82: 0 | AK82: 0 | AL82: 0 | AM82: 4 | AN82: 50 | AP82: =COUNTIF(K82:AO82,">=0") -> 30 | AQ82: =IF(AP82>0,SUM(K82:AO82),"") -> 207 | AR82: =IFERROR(VLOOKUP(A82,Climatologia_PP!A:U,9+Precipitacion!$E$2,FALSE),"") -> 292.06429 | AS82: =IFERROR((AQ82/AR82)*100,"") -> 70.874807 | AT82: =IFERROR(IF(AND((AQ82*$I$2*100/(AR82*AP82))>100+3.33*AQ82-AR82*AP82/$I$2,AR82<30),IF(100+3.33*AQ82-AR82*AP82/$I$2>200,200,100+3.33*AQ82-AR82*AP82/$I$2),IF((AQ82*$I$2*100/(AR82*AP82))<100+AQ82-3.33*AR82*AP82/$I$2,100+AQ82-3.33*AR82*AP82/$I$2,IF((AQ82*$I$2*100/(AR82*AP82))>200,200,(AQ82*$I$2*100/(AR82*AP82))))),"") -> 70.874807 | AU82: =IF(AP82>0,MAX(K82:AO82),"") -> 50 | AV82: =IFERROR(VLOOKUP(A82,Maximos!A:AQ,8+(Precipitacion!$E$2-1)*3,FALSE),"") -> 102 | AW82: {=IFERROR( _xlfn.LET( _xlpm.mesNum, E$2, _xlpm.mesTxt, INDEX({"ENERO","FEBRERO","MARZO","ABRIL","MAYO","JUNIO","JULIO","AGOSTO","SEPTIEMBRE","OCTUBRE","NOVIEMBRE","DICIEMBRE"}, _xlpm.mesNum), _xlpm.colIni, MATCH(_xlpm.mesTxt, Maximos!$1:$1, 0), _xlpm.fila, MATCH($A82, Maximos!$A:$A, 0), _xlpm.anio, INDEX(Maximos!$A:$ZZ, _xlpm.fila, _xlpm.colIni+1), _xlpm.dia, INDEX(Maximos!$A:$ZZ, _xlpm.fila, _xlpm.colIni+2), IF(OR(_xlpm.anio="",_xlpm.dia=""), "No aplica", DATE(_xlpm.anio, _xlpm.mesNum, _xlpm.dia)) ), "")} -> 43270 | AX82: =IFERROR(AU82-AV82,"NA") -> -52
A83: 26240170 | B83: Playalta | C83: Area Operativa 01 - Antioquia-Chocó | D83: -75.448556 | E83: 7.5625556 | F83: 175 | G83: 5 | H83: 5790 | I83: Antioquia | J83: Tarazá | AP83: =COUNTIF(K83:AO83,">=0") -> 0 | AQ83: =IF(AP83>0,SUM(K83:AO83),"") | AR83: =IFERROR(VLOOKUP(A83,Climatologia_PP!A:U,9+Precipitacion!$E$2,FALSE),"") -> 531.3037 | AS83: =IFERROR((AQ83/AR83)*100,"") | AT83: =IFERROR(IF(AND((AQ83*$I$2*100/(AR83*AP83))>100+3.33*AQ83-AR83*AP83/$I$2,AR83<30),IF(100+3.33*AQ83-AR83*AP83/$I$2>200,200,100+3.33*AQ83-AR83*AP83/$I$2),IF((AQ83*$I$2*100/(AR83*AP83))<100+AQ83-3.33*AR83*AP83/$I$2,100+AQ83-3.33*AR83*AP83/$I$2,IF((AQ83*$I$2*100/(AR83*AP83))>200,200,(AQ83*$I$2*100/(AR83*AP83))))),"") | AU83: =IF(AP83>0,MAX(K83:AO83),"") | AV83: =IFERROR(VLOOKUP(A83,Maximos!A:AQ,8+(Precipitacion!$E$2-1)*3,FALSE),"") -> 142.8 | AW83: {=IFERROR( _xlfn.LET( _xlpm.mesNum, E$2, _xlpm.mesTxt, INDEX({"ENERO","FEBRERO","MARZO","ABRIL","MAYO","JUNIO","JULIO","AGOSTO","SEPTIEMBRE","OCTUBRE","NOVIEMBRE","DICIEMBRE"}, _xlpm.mesNum), _xlpm.colIni, MATCH(_xlpm.mesTxt, Maximos!$1:$1, 0), _xlpm.fila, MATCH($A83, Maximos!$A:$A, 0), _xlpm.anio, INDEX(Maximos!$A:$ZZ, _xlpm.fila, _xlpm.colIni+1), _xlpm.dia, INDEX(Maximos!$A:$ZZ, _xlpm.fila, _xlpm.colIni+2), IF(OR(_xlpm.anio="",_xlpm.dia=""), "No aplica", DATE(_xlpm.anio, _xlpm.mesNum, _xlpm.dia)) ), "")} -> 31204 | AX83: =IFERROR(AU83-AV83,"NA") -> NA
A84: 25020420 | B84: Las Varas | C84: Area Operativa 01 - Antioquia-Chocó | D84: -74.563661 | E84: 8.3845719 | F84: 40 | G84: 13 | H84: 13655 | I84: Bolívar | J84: San Jacinto Del Cauca | K84: 0 | L84: 11 | M84: 1 | N84: 0 | O84: 0 | P84: 90 | Q84: 2 | R84: 0 | S84: 1 | T84: 0 | U84: 0 | V84: 4 | W84: 0 | X84: 1 | Y84: 0 | Z84: 2 | AA84: 0 | AB84: 0 | AC84: 1 | AD84: 0 | AE84: 0 | AF84: 37 | AG84: 1 | AH84: 0 | AI84: 0 | AJ84: 0 | AK84: 0 | AL84: 0 | AM84: 0 | AN84: 0 | AP84: =COUNTIF(K84:AO84,">=0") -> 30 | AQ84: =IF(AP84>0,SUM(K84:AO84),"") -> 151 | AR84: =IFERROR(VLOOKUP(A84,Climatologia_PP!A:U,9+Precipitacion!$E$2,FALSE),"") -> 446.07333 | AS84: =IFERROR((AQ84/AR84)*100,"") -> 33.850936 | AT84: =IFERROR(IF(AND((AQ84*$I$2*100/(AR84*AP84))>100+3.33*AQ84-AR84*AP84/$I$2,AR84<30),IF(100+3.33*AQ84-AR84*AP84/$I$2>200,200,100+3.33*AQ84-AR84*AP84/$I$2),IF((AQ84*$I$2*100/(AR84*AP84))<100+AQ84-3.33*AR84*AP84/$I$2,100+AQ84-3.33*AR84*AP84/$I$2,IF((AQ84*$I$2*100/(AR84*AP84))>200,200,(AQ84*$I$2*100/(AR84*AP84))))),"") -> 33.850936 | AU84: =IF(AP84>0,MAX(K84:AO84),"") -> 90 | AV84: =IFERROR(VLOOKUP(A84,Maximos!A:AQ,8+(Precipitacion!$E$2-1)*3,FALSE),"") -> 200 | AW84: {=IFERROR( _xlfn.LET( _xlpm.mesNum, E$2, _xlpm.mesTxt, INDEX({"ENERO","FEBRERO","MARZO","ABRIL","MAYO","JUNIO","JULIO","AGOSTO","SEPTIEMBRE","OCTUBRE","NOVIEMBRE","DICIEMBRE"}, _xlpm.mesNum), _xlpm.colIni, MATCH(_xlpm.mesTxt, Maximos!$1:$1, 0), _xlpm.fila, MATCH($A84, Maximos!$A:$A, 0), _xlpm.anio, INDEX(Maximos!$A:$ZZ, _xlpm.fila, _xlpm.colIni+1), _xlpm.dia, INDEX(Maximos!$A:$ZZ, _xlpm.fila, _xlpm.colIni+2), IF(OR(_xlpm.anio="",_xlpm.dia=""), "No aplica", DATE(_xlpm.anio, _xlpm.mesNum, _xlpm.dia)) ), "")} -> 32313 | AX84: =IFERROR(AU84-AV84,"NA") -> -110
A85: 2620500211 | B85: El Plan | C85: Area Operativa 01 - Antioquia-Chocó | D85: -75.667317 | E85: 5.9247167 | F85: 1755 | G85: 5 | H85: 5282 | I85: Antioquia | J85: Fredonia | K85: 0 | L85: 0 | M85: 5.3 | N85: 3.1 | O85: 43 | P85: 48.5 | Q85: 68.3 | R85: 67 | S85: 3.1 | T85: 0 | U85: 0 | V85: 0 | W85: 0 | X85: 1 | Y85: 11.2 | Z85: 2.8 | AA85: 7.2 | AB85: 8.8 | AC85: 9.5 | AD85: 4.7 | AE85: 0 | AF85: 9.5 | AG85: 0 | AH85: 0 | AI85: 0 | AJ85: 0 | AK85: 0 | AL85: 0 | AM85: 0 | AN85: 0 | AP85: =COUNTIF(K85:AO85,">=0") -> 30 | AQ85: =IF(AP85>0,SUM(K85:AO85),"") -> 293 | AR85: =IFERROR(VLOOKUP(A85,Climatologia_PP!A:U,9+Precipitacion!$E$2,FALSE),"") | AS85: =IFERROR((AQ85/AR85)*100,"") | AT85: =IFERROR(IF(AND((AQ85*$I$2*100/(AR85*AP85))>100+3.33*AQ85-AR85*AP85/$I$2,AR85<30),IF(100+3.33*AQ85-AR85*AP85/$I$2>200,200,100+3.33*AQ85-AR85*AP85/$I$2),IF((AQ85*$I$2*100/(AR85*AP85))<100+AQ85-3.33*AR85*AP85/$I$2,100+AQ85-3.33*AR85*AP85/$I$2,IF((AQ85*$I$2*100/(AR85*AP85))>200,200,(AQ85*$I$2*100/(AR85*AP85))))),"") | AU85: =IF(AP85>0,MAX(K85:AO85),"") -> 68.3 | AV85: =IFERROR(VLOOKUP(A85,Maximos!A:AQ,8+(Precipitacion!$E$2-1)*3,FALSE),"") -> 64.5 | AW85: {=IFERROR( _xlfn.LET( _xlpm.mesNum, E$2, _xlpm.mesTxt, INDEX({"ENERO","FEBRERO","MARZO","ABRIL","MAYO","JUNIO","JULIO","AGOSTO","SEPTIEMBRE","OCTUBRE","NOVIEMBRE","DICIEMBRE"}, _xlpm.mesNum), _xlpm.colIni, MATCH(_xlpm.mesTxt, Maximos!$1:$1, 0), _xlpm.fila, MATCH($A85, Maximos!$A:$A, 0), _xlpm.anio, INDEX(Maximos!$A:$ZZ, _xlpm.fila, _xlpm.colIni+1), _xlpm.dia, INDEX(Maximos!$A:$ZZ, _xlpm.fila, _xlpm.colIni+2), IF(OR(_xlpm.anio="",_xlpm.dia=""), "No aplica", DATE(_xlpm.anio, _xlpm.mesNum, _xlpm.dia)) ), "")} -> 45820 | AX85: =IFERROR(AU85-AV85,"NA") -> 3.8
A86: 23080760 | B86: San Roque | C86: Area Operativa 01 - Antioquia-Chocó | D86: -75.017 | E86: 6.4875 | F86: 1435 | G86: 5 | H86: 5670 | I86: Antioquia | J86: San Roque | K86: 0 | L86: 12 | M86: 20 | N86: 15 | O86: 0 | P86: 22 | Q86: 11 | R86: 40 | S86: 9 | T86: 0 | U86: 0 | V86: 0 | W86: 20 | X86: 0 | Y86: 0 | Z86: 0 | AA86: 66 | AB86: 3 | AC86: 8 | AD86: 20 | AE86: 28 | AF86: 45 | AG86: 0 | AH86: 0 | AI86: 0 | AJ86: 0 | AK86: 0 | AL86: 0 | AM86: 0 | AN86: 0 | AP86: =COUNTIF(K86:AO86,">=0") -> 30 | AQ86: =IF(AP86>0,SUM(K86:AO86),"") -> 319 | AR86: =IFERROR(VLOOKUP(A86,Climatologia_PP!A:U,9+Precipitacion!$E$2,FALSE),"") -> 351.22759 | AS86: =IFERROR((AQ86/AR86)*100,"") -> 90.824301 | AT86: =IFERROR(IF(AND((AQ86*$I$2*100/(AR86*AP86))>100+3.33*AQ86-AR86*AP86/$I$2,AR86<30),IF(100+3.33*AQ86-AR86*AP86/$I$2>200,200,100+3.33*AQ86-AR86*AP86/$I$2),IF((AQ86*$I$2*100/(AR86*AP86))<100+AQ86-3.33*AR86*AP86/$I$2,100+AQ86-3.33*AR86*AP86/$I$2,IF((AQ86*$I$2*100/(AR86*AP86))>200,200,(AQ86*$I$2*100/(AR86*AP86))))),"") -> 90.824301 | AU86: =IF(AP86>0,MAX(K86:AO86),"") -> 66 | AV86: =IFERROR(VLOOKUP(A86,Maximos!A:AQ,8+(Precipitacion!$E$2-1)*3,FALSE),"") -> 150 | AW86: {=IFERROR( _xlfn.LET( _xlpm.mesNum, E$2, _xlpm.mesTxt, INDEX({"ENERO","FEBRERO","MARZO","ABRIL","MAYO","JUNIO","JULIO","AGOSTO","SEPTIEMBRE","OCTUBRE","NOVIEMBRE","DICIEMBRE"}, _xlpm.mesNum), _xlpm.colIni, MATCH(_xlpm.mesTxt, Maximos!$1:$1, 0), _xlpm.fila, MATCH($A86, Maximos!$A:$A, 0), _xlpm.anio, INDEX(Maximos!$A:$ZZ, _xlpm.fila, _xlpm.colIni+1), _xlpm.dia, INDEX(Maximos!$A:$ZZ, _xlpm.fila, _xlpm.colIni+2), IF(OR(_xlpm.anio="",_xlpm.dia=""), "No aplica", DATE(_xlpm.anio, _xlpm.mesNum, _xlpm.dia)) ), "")} -> 27549 | AX86: =IFERROR(AU86-AV86,"NA") -> -84
A87: 26180180 | B87: Sonson | C87: Area Operativa 01 - Antioquia-Chocó | D87: -75.2945 | E87: 5.71525 | F87: 2383 | G87: 5 | H87: 5756 | I87: Antioquia | J87: Sonsón | K87: 0 | L87: 0 | M87: 13 | N87: 12 | O87: 5 | P87: 13 | Q87: 47 | R87: 25 | S87: 2 | T87: 1 | U87: 0 | V87: 0 | W87: 0 | X87: 3 | Y87: 0 | Z87: 0 | AA87: 7 | AB87: 22 | AC87: 24 | AD87: 11 | AE87: 4 | AF87: 15 | AG87: 2 | AH87: 0 | AI87: 0 | AJ87: 0 | AK87: 0 | AL87: 0 | AM87: 0 | AN87: 0 | AP87: =COUNTIF(K87:AO87,">=0") -> 30 | AQ87: =IF(AP87>0,SUM(K87:AO87),"") -> 206 | AR87: =IFERROR(VLOOKUP(A87,Climatologia_PP!A:U,9+Precipitacion!$E$2,FALSE),"") -> 180.08667 | AS87: =IFERROR((AQ87/AR87)*100,"") -> 114.38937 | AT87: =IFERROR(IF(AND((AQ87*$I$2*100/(AR87*AP87))>100+3.33*AQ87-AR87*AP87/$I$2,AR87<30),IF(100+3.33*AQ87-AR87*AP87/$I$2>200,200,100+3.33*AQ87-AR87*AP87/$I$2),IF((AQ87*$I$2*100/(AR87*AP87))<100+AQ87-3.33*AR87*AP87/$I$2,100+AQ87-3.33*AR87*AP87/$I$2,IF((AQ87*$I$2*100/(AR87*AP87))>200,200,(AQ87*$I$2*100/(AR87*AP87))))),"") -> 114.38937 | AU87: =IF(AP87>0,MAX(K87:AO87),"") -> 47 | AV87: =IFERROR(VLOOKUP(A87,Maximos!A:AQ,8+(Precipitacion!$E$2-1)*3,FALSE),"") | AW87: {=IFERROR( _xlfn.LET( _xlpm.mesNum, E$2, _xlpm.mesTxt, INDEX({"ENERO","FEBRERO","MARZO","ABRIL","MAYO","JUNIO","JULIO","AGOSTO","SEPTIEMBRE","OCTUBRE","NOVIEMBRE","DICIEMBRE"}, _xlpm.mesNum), _xlpm.colIni, MATCH(_xlpm.mesTxt, Maximos!$1:$1, 0), _xlpm.fila, MATCH($A87, Maximos!$A:$A, 0), _xlpm.anio, INDEX(Maximos!$A:$ZZ, _xlpm.fila, _xlpm.colIni+1), _xlpm.dia, INDEX(Maximos!$A:$ZZ, _xlpm.fila, _xlpm.colIni+2), IF(OR(_xlpm.anio="",_xlpm.dia=""), "No aplica", DATE(_xlpm.anio, _xlpm.mesNum, _xlpm.dia)) ), "")} | AX87: =IFERROR(AU87-AV87,"NA") -> NA
A88: 26185020 | B88: Mesopotamia | C88: Area Operativa 01 - Antioquia-Chocó | D88: -75.318639 | E88: 5.8863611 | F88: 2408 | G88: 5 | H88: 5400 | I88: Antioquia | J88: La Unión | K88: 0 | L88: 0 | M88: 9.3 | N88: 4.3 | O88: 4 | P88: 11 | Q88: 34.8 | R88: 8.8 | S88: 0.4 | T88: 17 | U88: 2.4 | V88: 0 | W88: 0.4 | X88: 0.7 | Y88: 25.3 | Z88: 0.5 | AA88: 16.6 | AB88: 40.6 | AC88: 22.5 | AD88: 16.6 | AE88: 6.5 | AF88: 32.2 | AG88: 5.8 | AH88: 0 | AI88: 0 | AJ88: 0 | AK88: 0 | AL88: 0 | AM88: 0 | AN88: 0 | AP88: =COUNTIF(K88:AO88,">=0") -> 30 | AQ88: =IF(AP88>0,SUM(K88:AO88),"") -> 259.7 | AR88: =IFERROR(VLOOKUP(A88,Climatologia_PP!A:U,9+Precipitacion!$E$2,FALSE),"") -> 353.28667 | AS88: =IFERROR((AQ88/AR88)*100,"") -> 73.509709 | AT88: =IFERROR(IF(AND((AQ88*$I$2*100/(AR88*AP88))>100+3.33*AQ88-AR88*AP88/$I$2,AR88<30),IF(100+3.33*AQ88-AR88*AP88/$I$2>200,200,100+3.33*AQ88-AR88*AP88/$I$2),IF((AQ88*$I$2*100/(AR88*AP88))<100+AQ88-3.33*AR88*AP88/$I$2,100+AQ88-3.33*AR88*AP88/$I$2,IF((AQ88*$I$2*100/(AR88*AP88))>200,200,(AQ88*$I$2*100/(AR88*AP88))))),"") -> 73.509709 | AU88: =IF(AP88>0,MAX(K88:AO88),"") -> 40.6 | AV88: =IFERROR(VLOOKUP(A88,Maximos!A:AQ,8+(Precipitacion!$E$2-1)*3,FALSE),"") | AW88: {=IFERROR( _xlfn.LET( _xlpm.mesNum, E$2, _xlpm.mesTxt, INDEX({"ENERO","FEBRERO","MARZO","ABRIL","MAYO","JUNIO","JULIO","AGOSTO","SEPTIEMBRE","OCTUBRE","NOVIEMBRE","DICIEMBRE"}, _xlpm.mesNum), _xlpm.colIni, MATCH(_xlpm.mesTxt, Maximos!$1:$1, 0), _xlpm.fila, MATCH($A88, Maximos!$A:$A, 0), _xlpm.anio, INDEX(Maximos!$A:$ZZ, _xlpm.fila, _xlpm.colIni+1), _xlpm.dia, INDEX(Maximos!$A:$ZZ, _xlpm.fila, _xlpm.colIni+2), IF(OR(_xlpm.anio="",_xlpm.dia=""), "No aplica", DATE(_xlpm.anio, _xlpm.mesNum, _xlpm.dia)) ), "")} | AX88: =IFERROR(AU88-AV88,"NA") -> NA
A89: 25020530 | B89: La Ilusion | C89: Area Operativa 01 - Antioquia-Chocó | D89: -75.08975 | E89: 8.0255 | F89: 48 | G89: 5 | H89: 5154 | I89: Antioquia | J89: Caucasia | K89: 0 | L89: 0 | M89: 7 | N89: 31 | O89: 0 | P89: 24 | Q89: 13 | R89: 0 | S89: 0 | T89: 0 | U89: 0 | V89: 0 | W89: 0 | X89: 16 | Y89: 0 | Z89: 6 | AA89: 145 | AB89: 9 | AC89: 0 | AD89: 0 | AE89: 0 | AF89: 0 | AG89: 0 | AH89: 0 | AI89: 9 | AJ89: 0 | AK89: 0 | AL89: 0 | AM89: 0 | AP89: =COUNTIF(K89:AO89,">=0") -> 29 | AQ89: =IF(AP89>0,SUM(K89:AO89),"") -> 260 | AR89: =IFERROR(VLOOKUP(A89,Climatologia_PP!A:U,9+Precipitacion!$E$2,FALSE),"") -> 341.93333 | AS89: =IFERROR((AQ89/AR89)*100,"") -> 76.038214 | AT89: =IFERROR(IF(AND((AQ89*$I$2*100/(AR89*AP89))>100+3.33*AQ89-AR89*AP89/$I$2,AR89<30),IF(100+3.33*AQ89-AR89*AP89/$I$2>200,200,100+3.33*AQ89-AR89*AP89/$I$2),IF((AQ89*$I$2*100/(AR89*AP89))<100+AQ89-3.33*AR89*AP89/$I$2,100+AQ89-3.33*AR89*AP89/$I$2,IF((AQ89*$I$2*100/(AR89*AP89))>200,200,(AQ89*$I$2*100/(AR89*AP89))))),"") -> 78.660221 | AU89: =IF(AP89>0,MAX(K89:AO89),"") -> 145 | AV89: =IFERROR(VLOOKUP(A89,Maximos!A:AQ,8+(Precipitacion!$E$2-1)*3,FALSE),"") -> 138 | AW89: {=IFERROR( _xlfn.LET( _xlpm.mesNum, E$2, _xlpm.mesTxt, INDEX({"ENERO","FEBRERO","MARZO","ABRIL","MAYO","JUNIO","JULIO","AGOSTO","SEPTIEMBRE","OCTUBRE","NOVIEMBRE","DICIEMBRE"}, _xlpm.mesNum), _xlpm.colIni, MATCH(_xlpm.mesTxt, Maximos!$1:$1, 0), _xlpm.fila, MATCH($A89, Maximos!$A:$A, 0), _xlpm.anio, INDEX(Maximos!$A:$ZZ, _xlpm.fila, _xlpm.colIni+1), _xlpm.dia, INDEX(Maximos!$A:$ZZ, _xlpm.fila, _xlpm.colIni+2), IF(OR(_xlpm.anio="",_xlpm.dia=""), "No aplica", DATE(_xlpm.anio, _xlpm.mesNum, _xlpm.dia)) ), "")} -> 40344 | AX89: =IFERROR(AU89-AV89,"NA") -> 7
A90: 26180220 | B90: La Pintada Alertas | C90: Area Operativa 01 - Antioquia-Chocó | D90: -75.600564 | E90: 5.7414778 | F90: 620 | G90: 5 | H90: 5390 | I90: Antioquia | J90: La Pintada | K90: 0 | L90: 0 | M90: 0.9 | N90: 44 | O90: 13.9 | P90: 11.8 | Q90: 25.1 | R90: 80.6 | S90: 2.1 | T90: 0.2 | U90: 0 | V90: 0 | W90: 0 | X90: 0 | Y90: 0 | Z90: 0 | AA90: 14.1 | AB90: 2.7 | AC90: 7.9 | AD90: 0.2 | AE90: 0 | AF90: 3.6 | AG90: 0 | AH90: 0 | AI90: 0 | AJ90: 0 | AK90: 0 | AL90: 0 | AM90: 0 | AN90: 0 | AP90: =COUNTIF(K90:AO90,">=0") -> 30 | AQ90: =IF(AP90>0,SUM(K90:AO90),"") -> 207.1 | AR90: =IFERROR(VLOOKUP(A90,Climatologia_PP!A:U,9+Precipitacion!$E$2,FALSE),"") -> 144.65357 | AS90: =IFERROR((AQ90/AR90)*100,"") -> 143.16964 | AT90: =IFERROR(IF(AND((AQ90*$I$2*100/(AR90*AP90))>100+3.33*AQ90-AR90*AP90/$I$2,AR90<30),IF(100+3.33*AQ90-AR90*AP90/$I$2>200,200,100+3.33*AQ90-AR90*AP90/$I$2),IF((AQ90*$I$2*100/(AR90*AP90))<100+AQ90-3.33*AR90*AP90/$I$2,100+AQ90-3.33*AR90*AP90/$I$2,IF((AQ90*$I$2*100/(AR90*AP90))>200,200,(AQ90*$I$2*100/(AR90*AP90))))),"") -> 143.16964 | AU90: =IF(AP90>0,MAX(K90:AO90),"") -> 80.6 | AV90: =IFERROR(VLOOKUP(A90,Maximos!A:AQ,8+(Precipitacion!$E$2-1)*3,FALSE),"") -> 91 | AW90: {=IFERROR( _xlfn.LET( _xlpm.mesNum, E$2, _xlpm.mesTxt, INDEX({"ENERO","FEBRERO","MARZO","ABRIL","MAYO","JUNIO","JULIO","AGOSTO","SEPTIEMBRE","OCTUBRE","NOVIEMBRE","DICIEMBRE"}, _xlpm.mesNum), _xlpm.colIni, MATCH(_xlpm.mesTxt, Maximos!$1:$1, 0), _xlpm.fila, MATCH($A90, Maximos!$A:$A, 0), _xlpm.anio, INDEX(Maximos!$A:$ZZ, _xlpm.fila, _xlpm.colIni+1), _xlpm.dia, INDEX(Maximos!$A:$ZZ, _xlpm.fila, _xlpm.colIni+2), IF(OR(_xlpm.anio="",_xlpm.dia=""), "No aplica", DATE(_xlpm.anio, _xlpm.mesNum, _xlpm.dia)) ), "")} -> 38869 | AX90: =IFERROR(AU90-AV90,"NA") -> -10.4
A91: 26247020 | B91: La Coquera | C91: Area Operativa 01 - Antioquia-Chocó | D91: -75.2 | E91: 7.96 | F91: 49 | G91: 5 | H91: 5154 | I91: Antioquia | J91: Caucasia | AP91: =COUNTIF(K91:AO91,">=0") -> 0 | AQ91: =IF(AP91>0,SUM(K91:AO91),"") | AR91: =IFERROR(VLOOKUP(A91,Climatologia_PP!A:U,9+Precipitacion!$E$2,FALSE),"") | AS91: =IFERROR((AQ91/AR91)*100,"") | AT91: =IFERROR(IF(AND((AQ91*$I$2*100/(AR91*AP91))>100+3.33*AQ91-AR91*AP91/$I$2,AR91<30),IF(100+3.33*AQ91-AR91*AP91/$I$2>200,200,100+3.33*AQ91-AR91*AP91/$I$2),IF((AQ91*$I$2*100/(AR91*AP91))<100+AQ91-3.33*AR91*AP91/$I$2,100+AQ91-3.33*AR91*AP91/$I$2,IF((AQ91*$I$2*100/(AR91*AP91))>200,200,(AQ91*$I$2*100/(AR91*AP91))))),"") | AU91: =IF(AP91>0,MAX(K91:AO91),"") | AV91: =IFERROR(VLOOKUP(A91,Maximos!A:AQ,8+(Precipitacion!$E$2-1)*3,FALSE),"") | AW91: {=IFERROR( _xlfn.LET( _xlpm.mesNum, E$2, _xlpm.mesTxt, INDEX({"ENERO","FEBRERO","MARZO","ABRIL","MAYO","JUNIO","JULIO","AGOSTO","SEPTIEMBRE","OCTUBRE","NOVIEMBRE","DICIEMBRE"}, _xlpm.mesNum), _xlpm.colIni, MATCH(_xlpm.mesTxt, Maximos!$1:$1, 0), _xlpm.fila, MATCH($A91, Maximos!$A:$A, 0), _xlpm.anio, INDEX(Maximos!$A:$ZZ, _xlpm.fila, _xlpm.colIni+1), _xlpm.dia, INDEX(Maximos!$A:$ZZ, _xlpm.fila, _xlpm.colIni+2), IF(OR(_xlpm.anio="",_xlpm.dia=""), "No aplica", DATE(_xlpm.anio, _xlpm.mesNum, _xlpm.dia)) ), "")} | AX91: =IFERROR(AU91-AV91,"NA") -> NA
A92: 26200150 | B92: Fredonia | C92: Area Operativa 01 - Antioquia-Chocó | D92: -75.685111 | E92: 5.93675 | F92: 1763 | G92: 5 | H92: 5282 | I92: Antioquia | J92: Fredonia | AP92: =COUNTIF(K92:AO92,">=0") -> 0 | AQ92: =IF(AP92>0,SUM(K92:AO92),"") | AR92: =IFERROR(VLOOKUP(A92,Climatologia_PP!A:U,9+Precipitacion!$E$2,FALSE),"") -> 236.61667 | AS92: =IFERROR((AQ92/AR92)*100,"") | AT92: =IFERROR(IF(AND((AQ92*$I$2*100/(AR92*AP92))>100+3.33*AQ92-AR92*AP92/$I$2,AR92<30),IF(100+3.33*AQ92-AR92*AP92/$I$2>200,200,100+3.33*AQ92-AR92*AP92/$I$2),IF((AQ92*$I$2*100/(AR92*AP92))<100+AQ92-3.33*AR92*AP92/$I$2,100+AQ92-3.33*AR92*AP92/$I$2,IF((AQ92*$I$2*100/(AR92*AP92))>200,200,(AQ92*$I$2*100/(AR92*AP92))))),"") | AU92: =IF(AP92>0,MAX(K92:AO92),"") | AV92: =IFERROR(VLOOKUP(A92,Maximos!A:AQ,8+(Precipitacion!$E$2-1)*3,FALSE),"") | AW92: {=IFERROR( _xlfn.LET( _xlpm.mesNum, E$2, _xlpm.mesTxt, INDEX({"ENERO","FEBRERO","MARZO","ABRIL","MAYO","JUNIO","JULIO","AGOSTO","SEPTIEMBRE","OCTUBRE","NOVIEMBRE","DICIEMBRE"}, _xlpm.mesNum), _xlpm.colIni, MATCH(_xlpm.mesTxt, Maximos!$1:$1, 0), _xlpm.fila, MATCH($A92, Maximos!$A:$A, 0), _xlpm.anio, INDEX(Maximos!$A:$ZZ, _xlpm.fila, _xlpm.colIni+1), _xlpm.dia, INDEX(Maximos!$A:$ZZ, _xlpm.fila, _xlpm.colIni+2), IF(OR(_xlpm.anio="",_xlpm.dia=""), "No aplica", DATE(_xlpm.anio, _xlpm.mesNum, _xlpm.dia)) ), "")} | AX92: =IFERROR(AU92-AV92,"NA") -> NA
A93: 26237040 | B93: Puerto Valdivia | C93: Area Operativa 01 - Antioquia-Chocó | D93: -75.396725 | E93: 7.2871169 | F93: 129 | G93: 5 | H93: 5854 | I93: Antioquia | J93: Valdivia | AP93: =COUNTIF(K93:AO93,">=0") -> 0 | AQ93: =IF(AP93>0,SUM(K93:AO93),"") | AR93: =IFERROR(VLOOKUP(A93,Climatologia_PP!A:U,9+Precipitacion!$E$2,FALSE),"") | AS93: =IFERROR((AQ93/AR93)*100,"") | AT93: =IFERROR(IF(AND((AQ93*$I$2*100/(AR93*AP93))>100+3.33*AQ93-AR93*AP93/$I$2,AR93<30),IF(100+3.33*AQ93-AR93*AP93/$I$2>200,200,100+3.33*AQ93-AR93*AP93/$I$2),IF((AQ93*$I$2*100/(AR93*AP93))<100+AQ93-3.33*AR93*AP93/$I$2,100+AQ93-3.33*AR93*AP93/$I$2,IF((AQ93*$I$2*100/(AR93*AP93))>200,200,(AQ93*$I$2*100/(AR93*AP93))))),"") | AU93: =IF(AP93>0,MAX(K93:AO93),"") | AV93: =IFERROR(VLOOKUP(A93,Maximos!A:AQ,8+(Precipitacion!$E$2-1)*3,FALSE),"") | AW93: {=IFERROR( _xlfn.LET( _xlpm.mesNum, E$2, _xlpm.mesTxt, INDEX({"ENERO","FEBRERO","MARZO","ABRIL","MAYO","JUNIO","JULIO","AGOSTO","SEPTIEMBRE","OCTUBRE","NOVIEMBRE","DICIEMBRE"}, _xlpm.mesNum), _xlpm.colIni, MATCH(_xlpm.mesTxt, Maximos!$1:$1, 0), _xlpm.fila, MATCH($A93, Maximos!$A:$A, 0), _xlpm.anio, INDEX(Maximos!$A:$ZZ, _xlpm.fila, _xlpm.colIni+1), _xlpm.dia, INDEX(Maximos!$A:$ZZ, _xlpm.fila, _xlpm.colIni+2), IF(OR(_xlpm.anio="",_xlpm.dia=""), "No aplica", DATE(_xlpm.anio, _xlpm.mesNum, _xlpm.dia)) ), "")} | AX93: =IFERROR(AU93-AV93,"NA") -> NA
A94: 25027200 | B94: Las Varas | C94: Area Operativa 01 - Antioquia-Chocó | D94: -74.56 | E94: 8.39 | F94: 40 | G94: 13 | H94: 13655 | I94: Bolívar | J94: San Jacinto Del Cauca | AP94: =COUNTIF(K94:AO94,">=0") -> 0 | AQ94: =IF(AP94>0,SUM(K94:AO94),"") | AR94: =IFERROR(VLOOKUP(A94,Climatologia_PP!A:U,9+Precipitacion!$E$2,FALSE),"") | AS94: =IFERROR((AQ94/AR94)*100,"") | AT94: =IFERROR(IF(AND((AQ94*$I$2*100/(AR94*AP94))>100+3.33*AQ94-AR94*AP94/$I$2,AR94<30),IF(100+3.33*AQ94-AR94*AP94/$I$2>200,200,100+3.33*AQ94-AR94*AP94/$I$2),IF((AQ94*$I$2*100/(AR94*AP94))<100+AQ94-3.33*AR94*AP94/$I$2,100+AQ94-3.33*AR94*AP94/$I$2,IF((AQ94*$I$2*100/(AR94*AP94))>200,200,(AQ94*$I$2*100/(AR94*AP94))))),"") | AU94: =IF(AP94>0,MAX(K94:AO94),"") | AV94: =IFERROR(VLOOKUP(A94,Maximos!A:AQ,8+(Precipitacion!$E$2-1)*3,FALSE),"") | AW94: {=IFERROR( _xlfn.LET( _xlpm.mesNum, E$2, _xlpm.mesTxt, INDEX({"ENERO","FEBRERO","MARZO","ABRIL","MAYO","JUNIO","JULIO","AGOSTO","SEPTIEMBRE","OCTUBRE","NOVIEMBRE","DICIEMBRE"}, _xlpm.mesNum), _xlpm.colIni, MATCH(_xlpm.mesTxt, Maximos!$1:$1, 0), _xlpm.fila, MATCH($A94, Maximos!$A:$A, 0), _xlpm.anio, INDEX(Maximos!$A:$ZZ, _xlpm.fila, _xlpm.colIni+1), _xlpm.dia, INDEX(Maximos!$A:$ZZ, _xlpm.fila, _xlpm.colIni+2), IF(OR(_xlpm.anio="",_xlpm.dia=""), "No aplica", DATE(_xlpm.anio, _xlpm.mesNum, _xlpm.dia)) ), "")} | AX94: =IFERROR(AU94-AV94,"NA") -> NA
A95: 26187110 | B95: La Pintada | C95: Area Operativa 01 - Antioquia-Chocó | D95: -75.600564 | E95: 5.7414778 | F95: 620 | G95: 5 | H95: 5390 | I95: Antioquia | J95: La Pintada | AP95: =COUNTIF(K95:AO95,">=0") -> 0 | AQ95: =IF(AP95>0,SUM(K95:AO95),"") | AR95: =IFERROR(VLOOKUP(A95,Climatologia_PP!A:U,9+Precipitacion!$E$2,FALSE),"") | AS95: =IFERROR((AQ95/AR95)*100,"") | AT95: =IFERROR(IF(AND((AQ95*$I$2*100/(AR95*AP95))>100+3.33*AQ95-AR95*AP95/$I$2,AR95<30),IF(100+3.33*AQ95-AR95*AP95/$I$2>200,200,100+3.33*AQ95-AR95*AP95/$I$2),IF((AQ95*$I$2*100/(AR95*AP95))<100+AQ95-3.33*AR95*AP95/$I$2,100+AQ95-3.33*AR95*AP95/$I$2,IF((AQ95*$I$2*100/(AR95*AP95))>200,200,(AQ95*$I$2*100/(AR95*AP95))))),"") | AU95: =IF(AP95>0,MAX(K95:AO95),"") | AV95: =IFERROR(VLOOKUP(A95,Maximos!A:AQ,8+(Precipitacion!$E$2-1)*3,FALSE),"") -> 52.6 | AW95: {=IFERROR( _xlfn.LET( _xlpm.mesNum, E$2, _xlpm.mesTxt, INDEX({"ENERO","FEBRERO","MARZO","ABRIL","MAYO","JUNIO","JULIO","AGOSTO","SEPTIEMBRE","OCTUBRE","NOVIEMBRE","DICIEMBRE"}, _xlpm.mesNum), _xlpm.colIni, MATCH(_xlpm.mesTxt, Maximos!$1:$1, 0), _xlpm.fila, MATCH($A95, Maximos!$A:$A, 0), _xlpm.anio, INDEX(Maximos!$A:$ZZ, _xlpm.fila, _xlpm.colIni+1), _xlpm.dia, INDEX(Maximos!$A:$ZZ, _xlpm.fila, _xlpm.colIni+2), IF(OR(_xlpm.anio="",_xlpm.dia=""), "No aplica", DATE(_xlpm.anio, _xlpm.mesNum, _xlpm.dia)) ), "")} -> 45470 | AX95: =IFERROR(AU95-AV95,"NA") -> NA
A96: 26207080 | B96: Bolombolo | C96: Area Operativa 01 - Antioquia-Chocó | D96: -75.84 | E96: 5.97 | F96: 1750 | G96: 5 | H96: 5861 | I96: Antioquia | J96: Venecia | AP96: =COUNTIF(K96:AO96,">=0") -> 0 | AQ96: =IF(AP96>0,SUM(K96:AO96),"") | AR96: =IFERROR(VLOOKUP(A96,Climatologia_PP!A:U,9+Precipitacion!$E$2,FALSE),"") | AS96: =IFERROR((AQ96/AR96)*100,"") | AT96: =IFERROR(IF(AND((AQ96*$I$2*100/(AR96*AP96))>100+3.33*AQ96-AR96*AP96/$I$2,AR96<30),IF(100+3.33*AQ96-AR96*AP96/$I$2>200,200,100+3.33*AQ96-AR96*AP96/$I$2),IF((AQ96*$I$2*100/(AR96*AP96))<100+AQ96-3.33*AR96*AP96/$I$2,100+AQ96-3.33*AR96*AP96/$I$2,IF((AQ96*$I$2*100/(AR96*AP96))>200,200,(AQ96*$I$2*100/(AR96*AP96))))),"") | AU96: =IF(AP96>0,MAX(K96:AO96),"") | AV96: =IFERROR(VLOOKUP(A96,Maximos!A:AQ,8+(Precipitacion!$E$2-1)*3,FALSE),"") | AW96: {=IFERROR( _xlfn.LET( _xlpm.mesNum, E$2, _xlpm.mesTxt, INDEX({"ENERO","FEBRERO","MARZO","ABRIL","MAYO","JUNIO","JULIO","AGOSTO","SEPTIEMBRE","OCTUBRE","NOVIEMBRE","DICIEMBRE"}, _xlpm.mesNum), _xlpm.colIni, MATCH(_xlpm.mesTxt, Maximos!$1:$1, 0), _xlpm.fila, MATCH($A96, Maximos!$A:$A, 0), _xlpm.anio, INDEX(Maximos!$A:$ZZ, _xlpm.fila, _xlpm.colIni+1), _xlpm.dia, INDEX(Maximos!$A:$ZZ, _xlpm.fila, _xlpm.colIni+2), IF(OR(_xlpm.anio="",_xlpm.dia=""), "No aplica", DATE(_xlpm.anio, _xlpm.mesNum, _xlpm.dia)) ), "")} | AX96: =IFERROR(AU96-AV96,"NA") -> NA
A97: 25020470 | B97: Chinu - Aut | C97: Area Operativa 02 - Atlántico-Bolívar-Sucre | D97: -75.393333 | E97: 9.1177778 | F97: 125 | G97: 23 | H97: 23182 | I97: Córdoba | J97: Chinú | K97: 0 | L97: 0 | M97: 0 | N97: 0 | O97: 31 | P97: 5.2 | Q97: 0.5 | R97: 14.8 | S97: 0 | T97: 0 | U97: 0 | V97: 0 | W97: 0 | X97: 0 | Y97: 17.5 | Z97: 0 | AA97: 0 | AB97: 5.2 | AC97: 0 | AD97: 30.3 | AE97: 0 | AF97: 0 | AG97: 0 | AH97: 0 | AI97: 0 | AJ97: 0 | AK97: 0 | AL97: 0 | AM97: 0 | AN97: 0 | AP97: =COUNTIF(K97:AO97,">=0") -> 30 | AQ97: =IF(AP97>0,SUM(K97:AO97),"") -> 104.5 | AR97: =IFERROR(VLOOKUP(A97,Climatologia_PP!A:U,9+Precipitacion!$E$2,FALSE),"") -> 164.34828 | AS97: =IFERROR((AQ97/AR97)*100,"") -> 63.584482 | AT97: =IFERROR(IF(AND((AQ97*$I$2*100/(AR97*AP97))>100+3.33*AQ97-AR97*AP97/$I$2,AR97<30),IF(100+3.33*AQ97-AR97*AP97/$I$2>200,200,100+3.33*AQ97-AR97*AP97/$I$2),IF((AQ97*$I$2*100/(AR97*AP97))<100+AQ97-3.33*AR97*AP97/$I$2,100+AQ97-3.33*AR97*AP97/$I$2,IF((AQ97*$I$2*100/(AR97*AP97))>200,200,(AQ97*$I$2*100/(AR97*AP97))))),"") -> 63.584482 | AU97: =IF(AP97>0,MAX(K97:AO97),"") -> 31 | AV97: =IFERROR(VLOOKUP(A97,Maximos!A:AQ,8+(Precipitacion!$E$2-1)*3,FALSE),"") -> 118 | AW97: {=IFERROR( _xlfn.LET( _xlpm.mesNum, E$2, _xlpm.mesTxt, INDEX({"ENERO","FEBRERO","MARZO","ABRIL","MAYO","JUNIO","JULIO","AGOSTO","SEPTIEMBRE","OCTUBRE","NOVIEMBRE","DICIEMBRE"}, _xlpm.mesNum), _xlpm.colIni, MATCH(_xlpm.mesTxt, Maximos!$1:$1, 0), _xlpm.fila, MATCH($A97, Maximos!$A:$A, 0), _xlpm.anio, INDEX(Maximos!$A:$ZZ, _xlpm.fila, _xlpm.colIni+1), _xlpm.dia, INDEX(Maximos!$A:$ZZ, _xlpm.fila, _xlpm.colIni+2), IF(OR(_xlpm.anio="",_xlpm.dia=""), "No aplica", DATE(_xlpm.anio, _xlpm.mesNum, _xlpm.dia)) ), "")} -> 29759 | AX97: =IFERROR(AU97-AV97,"NA") -> -87
A98: 29015000 | B98: El Guamo - Aut | C98: Area Operativa 02 - Atlántico-Bolívar-Sucre | D98: -74.976638 | E98: 10.034607 | F98: 75 | G98: 13 | H98: 13248 | I98: Bolívar | J98: El Guamo | K98: 0 | L98: 13.8 | M98: 11.7 | N98: 0.5 | O98: 0 | P98: 6.1 | Q98: 0 | R98: 2 | S98: 14.5 | T98: 0 | U98: 0 | V98: 0 | W98: 0 | X98: 0 | Y98: 15.8 | Z98: 9.4 | AA98: 5.4 | AB98: 0 | AC98: 0 | AF98: 0 | AG98: 0 | AH98: 0 | AI98: 0 | AJ98: 0 | AK98: 0 | AL98: 0 | AM98: 0 | AN98: 0 | AP98: =COUNTIF(K98:AO98,">=0") -> 28 | AQ98: =IF(AP98>0,SUM(K98:AO98),"") -> 79.2 | AR98: =IFERROR(VLOOKUP(A98,Climatologia_PP!A:U,9+Precipitacion!$E$2,FALSE),"") -> 121.40417 | AS98: =IFERROR((AQ98/AR98)*100,"") -> 65.236641 | AT98: =IFERROR(IF(AND((AQ98*$I$2*100/(AR98*AP98))>100+3.33*AQ98-AR98*AP98/$I$2,AR98<30),IF(100+3.33*AQ98-AR98*AP98/$I$2>200,200,100+3.33*AQ98-AR98*AP98/$I$2),IF((AQ98*$I$2*100/(AR98*AP98))<100+AQ98-3.33*AR98*AP98/$I$2,100+AQ98-3.33*AR98*AP98/$I$2,IF((AQ98*$I$2*100/(AR98*AP98))>200,200,(AQ98*$I$2*100/(AR98*AP98))))),"") -> 69.896401 | AU98: =IF(AP98>0,MAX(K98:AO98),"") -> 15.8 | AV98: =IFERROR(VLOOKUP(A98,Maximos!A:AQ,8+(Precipitacion!$E$2-1)*3,FALSE),"") -> 85 | AW98: {=IFERROR( _xlfn.LET( _xlpm.mesNum, E$2, _xlpm.mesTxt, INDEX({"ENERO","FEBRERO","MARZO","ABRIL","MAYO","JUNIO","JULIO","AGOSTO","SEPTIEMBRE","OCTUBRE","NOVIEMBRE","DICIEMBRE"}, _xlpm.mesNum), _xlpm.colIni, MATCH(_xlpm.mesTxt, Maximos!$1:$1, 0), _xlpm.fila, MATCH($A98, Maximos!$A:$A, 0), _xlpm.anio, INDEX(Maximos!$A:$ZZ, _xlpm.fila, _xlpm.colIni+1), _xlpm.dia, INDEX(Maximos!$A:$ZZ, _xlpm.fila, _xlpm.colIni+2), IF(OR(_xlpm.anio="",_xlpm.dia=""), "No aplica", DATE(_xlpm.anio, _xlpm.mesNum, _xlpm.dia)) ), "")} -> 38158 | AX98: =IFERROR(AU98-AV98,"NA") -> -69.2
A99: 25021280 | B99: Coyongal | C99: Area Operativa 02 - Atlántico-Bolívar-Sucre | D99: -74.485886 | E99: 8.914947 | F99: 20 | G99: 13 | H99: 13549 | I99: Bolívar | J99: Pinillos | K99: 0 | L99: 22 | M99: 0 | N99: 0 | O99: 0 | P99: 7 | Q99: 6 | R99: 10 | S99: 0 | T99: 0 | U99: 0 | V99: 0 | W99: 0 | X99: 0 | Y99: 0 | Z99: 0 | AA99: 0 | AB99: 0 | AC99: 0 | AD99: 0 | AE99: 0 | AF99: 0 | AG99: 0 | AH99: 0 | AI99: 0 | AJ99: 0 | AK99: 0 | AL99: 0 | AM99: 0 | AN99: 0 | AP99: =COUNTIF(K99:AO99,">=0") -> 30 | AQ99: =IF(AP99>0,SUM(K99:AO99),"") -> 45 | AR99: =IFERROR(VLOOKUP(A99,Climatologia_PP!A:U,9+Precipitacion!$E$2,FALSE),"") -> 267.43333 | AS99: =IFERROR((AQ99/AR99)*100,"") -> 16.826623 | AT99: =IFERROR(IF(AND((AQ99*$I$2*100/(AR99*AP99))>100+3.33*AQ99-AR99*AP99/$I$2,AR99<30),IF(100+3.33*AQ99-AR99*AP99/$I$2>200,200,100+3.33*AQ99-AR99*AP99/$I$2),IF((AQ99*$I$2*100/(AR99*AP99))<100+AQ99-3.33*AR99*AP99/$I$2,100+AQ99-3.33*AR99*AP99/$I$2,IF((AQ99*$I$2*100/(AR99*AP99))>200,200,(AQ99*$I$2*100/(AR99*AP99))))),"") -> 16.826623 | AU99: =IF(AP99>0,MAX(K99:AO99),"") -> 22 | AV99: =IFERROR(VLOOKUP(A99,Maximos!A:AQ,8+(Precipitacion!$E$2-1)*3,FALSE),"") -> 162 | AW99: {=IFERROR( _xlfn.LET( _xlpm.mesNum, E$2, _xlpm.mesTxt, INDEX({"ENERO","FEBRERO","MARZO","ABRIL","MAYO","JUNIO","JULIO","AGOSTO","SEPTIEMBRE","OCTUBRE","NOVIEMBRE","DICIEMBRE"}, _xlpm.mesNum), _xlpm.colIni, MATCH(_xlpm.mesTxt, Maximos!$1:$1, 0), _xlpm.fila, MATCH($A99, Maximos!$A:$A, 0), _xlpm.anio, INDEX(Maximos!$A:$ZZ, _xlpm.fila, _xlpm.colIni+1), _xlpm.dia, INDEX(Maximos!$A:$ZZ, _xlpm.fila, _xlpm.colIni+2), IF(OR(_xlpm.anio="",_xlpm.dia=""), "No aplica", DATE(_xlpm.anio, _xlpm.mesNum, _xlpm.dia)) ), "")} -> 29382 | AX99: =IFERROR(AU99-AV99,"NA") -> -140
A100: 25020760 | B100: Santiago Apostol | C100: Area Operativa 02 - Atlántico-Bolívar-Sucre | D100: -74.940556 | E100: 9.0047222 | F100: 25 | G100: 70 | H100: 70678 | I100: Sucre | J100: San Benito Abad | K100: 0 | L100: 29 | M100: 19 | N100: 0 | O100: 33 | P100: 0 | Q100: 0 | R100: 0 | S100: 10 | T100: 0 | U100: 0 | V100: 0 | W100: 0 | X100: 0 | Y100: 0 | Z100: 0 | AA100: 42 | AB100: 0 | AC100: 0 | AD100: 0 | AE100: 0 | AF100: 0 | AG100: 0 | AH100: 0 | AI100: 0 | AJ100: 0 | AK100: 0 | AL100: 0 | AM100: 0 | AN100: 0 | AP100: =COUNTIF(K100:AO100,">=0") -> 30 | AQ100: =IF(AP100>0,SUM(K100:AO100),"") -> 133 | AR100: =IFERROR(VLOOKUP(A100,Climatologia_PP!A:U,9+Precipitacion!$E$2,FALSE),"") -> 191.6 | AS100: =IFERROR((AQ100/AR100)*100,"") -> 69.415449 | AT100: =IFERROR(IF(AND((AQ100*$I$2*100/(AR100*AP100))>100+3.33*AQ100-AR100*AP100/$I$2,AR100<30),IF(100+3.33*AQ100-AR100*AP100/$I$2>200,200,100+3.33*AQ100-AR100*AP100/$I$2),IF((AQ100*$I$2*100/(AR100*AP100))<100+AQ100-3.33*AR100*AP100/$I$2,100+AQ100-3.33*AR100*AP100/$I$2,IF((AQ100*$I$2*100/(AR100*AP100))>200,200,(AQ100*$I$2*100/(AR100*AP100))))),"") -> 69.415449 | AU100: =IF(AP100>0,MAX(K100:AO100),"") -> 42 | AV100: =IFERROR(VLOOKUP(A100,Maximos!A:AQ,8+(Precipitacion!$E$2-1)*3,FALSE),"") -> 105 | AW100: {=IFERROR( _xlfn.LET( _xlpm.mesNum, E$2, _xlpm.mesTxt, INDEX({"ENERO","FEBRERO","MARZO","ABRIL","MAYO","JUNIO","JULIO","AGOSTO","SEPTIEMBRE","OCTUBRE","NOVIEMBRE","DICIEMBRE"}, _xlpm.mesNum), _xlpm.colIni, MATCH(_xlpm.mesTxt, Maximos!$1:$1, 0), _xlpm.fila, MATCH($A100, Maximos!$A:$A, 0), _xlpm.anio, INDEX(Maximos!$A:$ZZ, _xlpm.fila, _xlpm.colIni+1), _xlpm.dia, INDEX(Maximos!$A:$ZZ, _xlpm.fila, _xlpm.colIni+2), IF(OR(_xlpm.anio="",_xlpm.dia=""), "No aplica", DATE(_xlpm.anio, _xlpm.mesNum, _xlpm.dia)) ), "")} -> 31933 | AX100: =IFERROR(AU100-AV100,"NA") -> -63
A101: 29040230 | B101: Puerto Colombia | C101: Area Operativa 02 - Atlántico-Bolívar-Sucre | D101: -74.951794 | E101: 10.996665 | F101: 5 | G101: 8 | H101: 8573 | I101: Atlántico | J101: Puerto Colombia | AP101: =COUNTIF(K101:AO101,">=0") -> 0 | AQ101: =IF(AP101>0,SUM(K101:AO101),"") | AR101: =IFERROR(VLOOKUP(A101,Climatologia_PP!A:U,9+Precipitacion!$E$2,FALSE),"") -> 58.673333 | AS101: =IFERROR((AQ101/AR101)*100,"") | AT101: =IFERROR(IF(AND((AQ101*$I$2*100/(AR101*AP101))>100+3.33*AQ101-AR101*AP101/$I$2,AR101<30),IF(100+3.33*AQ101-AR101*AP101/$I$2>200,200,100+3.33*AQ101-AR101*AP101/$I$2),IF((AQ101*$I$2*100/(AR101*AP101))<100+AQ101-3.33*AR101*AP101/$I$2,100+AQ101-3.33*AR101*AP101/$I$2,IF((AQ101*$I$2*100/(AR101*AP101))>200,200,(AQ101*$I$2*100/(AR101*AP101))))),"") | AU101: =IF(AP101>0,MAX(K101:AO101),"") | AV101: =IFERROR(VLOOKUP(A101,Maximos!A:AQ,8+(Precipitacion!$E$2-1)*3,FALSE),"") -> 100.8 | AW101: {=IFERROR( _xlfn.LET( _xlpm.mesNum, E$2, _xlpm.mesTxt, INDEX({"ENERO","FEBRERO","MARZO","ABRIL","MAYO","JUNIO","JULIO","AGOSTO","SEPTIEMBRE","OCTUBRE","NOVIEMBRE","DICIEMBRE"}, _xlpm.mesNum), _xlpm.colIni, MATCH(_xlpm.mesTxt, Maximos!$1:$1, 0), _xlpm.fila, MATCH($A101, Maximos!$A:$A, 0), _xlpm.anio, INDEX(Maximos!$A:$ZZ, _xlpm.fila, _xlpm.colIni+1), _xlpm.dia, INDEX(Maximos!$A:$ZZ, _xlpm.fila, _xlpm.colIni+2), IF(OR(_xlpm.anio="",_xlpm.dia=""), "No aplica", DATE(_xlpm.anio, _xlpm.mesNum, _xlpm.dia)) ), "")} -> 35245 | AX101: =IFERROR(AU101-AV101,"NA") -> NA
A102: 29040450 | B102: Barranquilla Sede | C102: Area Operativa 02 - Atlántico-Bolívar-Sucre | D102: -74.796722 | E102: 10.997611 | F102: 12 | G102: 8 | H102: 8001 | I102: Atlántico | J102: Barranquilla | K102: 0 | L102: 0.2 | M102: 0.1 | N102: 0.6 | O102: 1.4 | P102: 1.8 | Q102: 9.3 | R102: 15.3 | S102: 6.6 | T102: 0 | U102: 0 | V102: 0 | W102: 0 | X102: 0 | Y102: 5.5 | Z102: 0 | AA102: 0 | AB102: 0 | AC102: 0 | AD102: 0 | AE102: 0 | AF102: 0 | AG102: 0 | AH102: 0 | AI102: 0 | AJ102: 0 | AK102: 0 | AL102: 0 | AM102: 0 | AN102: 0 | AP102: =COUNTIF(K102:AO102,">=0") -> 30 | AQ102: =IF(AP102>0,SUM(K102:AO102),"") -> 40.8 | AR102: =IFERROR(VLOOKUP(A102,Climatologia_PP!A:U,9+Precipitacion!$E$2,FALSE),"") -> 110.18 | AS102: =IFERROR((AQ102/AR102)*100,"") -> 37.030314 | AT102: =IFERROR(IF(AND((AQ102*$I$2*100/(AR102*AP102))>100+3.33*AQ102-AR102*AP102/$I$2,AR102<30),IF(100+3.33*AQ102-AR102*AP102/$I$2>200,200,100+3.33*AQ102-AR102*AP102/$I$2),IF((AQ102*$I$2*100/(AR102*AP102))<100+AQ102-3.33*AR102*AP102/$I$2,100+AQ102-3.33*AR102*AP102/$I$2,IF((AQ102*$I$2*100/(AR102*AP102))>200,200,(AQ102*$I$2*100/(AR102*AP102))))),"") -> 37.030314 | AU102: =IF(AP102>0,MAX(K102:AO102),"") -> 15.3 | AV102: =IFERROR(VLOOKUP(A102,Maximos!A:AQ,8+(Precipitacion!$E$2-1)*3,FALSE),"") -> 126 | AW102: {=IFERROR( _xlfn.LET( _xlpm.mesNum, E$2, _xlpm.mesTxt, INDEX({"ENERO","FEBRERO","MARZO","ABRIL","MAYO","JUNIO","JULIO","AGOSTO","SEPTIEMBRE","OCTUBRE","NOVIEMBRE","DICIEMBRE"}, _xlpm.mesNum), _xlpm.colIni, MATCH(_xlpm.mesTxt, Maximos!$1:$1, 0), _xlpm.fila, MATCH($A102, Maximos!$A:$A, 0), _xlpm.anio, INDEX(Maximos!$A:$ZZ, _xlpm.fila, _xlpm.colIni+1), _xlpm.dia, INDEX(Maximos!$A:$ZZ, _xlpm.fila, _xlpm.colIni+2), IF(OR(_xlpm.anio="",_xlpm.dia=""), "No aplica", DATE(_xlpm.anio, _xlpm.mesNum, _xlpm.dia)) ), "")} -> 40719 | AX102: =IFERROR(AU102-AV102,"NA") -> -110.7
A103: 25020950 | B103: San Antonio Alerta | C103: Area Operativa 02 - Atlántico-Bolívar-Sucre | D103: -74.7662 | E103: 9.041322 | F103: 10 | G103: 13 | H103: 13430 | I103: Bolívar | J103: Magangué | K103: 0 | L103: 62 | M103: 0 | N103: 0 | O103: 3 | P103: 14 | Q103: 33 | R103: 3 | S103: 0 | T103: 0 | U103: 0 | V103: 0 | W103: 0 | X103: 0 | Y103: 0 | Z103: 0 | AA103: 18 | AB103: 0 | AC103: 0 | AD103: 0 | AE103: 0 | AF103: 0 | AG103: 0 | AH103: 0 | AI103: 0 | AJ103: 0 | AK103: 0 | AL103: 0 | AM103: 0 | AN103: 0 | AP103: =COUNTIF(K103:AO103,">=0") -> 30 | AQ103: =IF(AP103>0,SUM(K103:AO103),"") -> 133 | AR103: =IFERROR(VLOOKUP(A103,Climatologia_PP!A:U,9+Precipitacion!$E$2,FALSE),"") -> 271.59259 | AS103: =IFERROR((AQ103/AR103)*100,"") -> 48.970408 | AT103: =IFERROR(IF(AND((AQ103*$I$2*100/(AR103*AP103))>100+3.33*AQ103-AR103*AP103/$I$2,AR103<30),IF(100+3.33*AQ103-AR103*AP103/$I$2>200,200,100+3.33*AQ103-AR103*AP103/$I$2),IF((AQ103*$I$2*100/(AR103*AP103))<100+AQ103-3.33*AR103*AP103/$I$2,100+AQ103-3.33*AR103*AP103/$I$2,IF((AQ103*$I$2*100/(AR103*AP103))>200,200,(AQ103*$I$2*100/(AR103*AP103))))),"") -> 48.970408 | AU103: =IF(AP103>0,MAX(K103:AO103),"") -> 62 | AV103: =IFERROR(VLOOKUP(A103,Maximos!A:AQ,8+(Precipitacion!$E$2-1)*3,FALSE),"") -> 136 | AW103: {=IFERROR( _xlfn.LET( _xlpm.mesNum, E$2, _xlpm.mesTxt, INDEX({"ENERO","FEBRERO","MARZO","ABRIL","MAYO","JUNIO","JULIO","AGOSTO","SEPTIEMBRE","OCTUBRE","NOVIEMBRE","DICIEMBRE"}, _xlpm.mesNum), _xlpm.colIni, MATCH(_xlpm.mesTxt, Maximos!$1:$1, 0), _xlpm.fila, MATCH($A103, Maximos!$A:$A, 0), _xlpm.anio, INDEX(Maximos!$A:$ZZ, _xlpm.fila, _xlpm.colIni+1), _xlpm.dia, INDEX(Maximos!$A:$ZZ, _xlpm.fila, _xlpm.colIni+2), IF(OR(_xlpm.anio="",_xlpm.dia=""), "No aplica", DATE(_xlpm.anio, _xlpm.mesNum, _xlpm.dia)) ), "")} -> 45468 | AX103: =IFERROR(AU103-AV103,"NA") -> -74
A104: 25025160 | B104: Cuba Hacienda | C104: Area Operativa 02 - Atlántico-Bolívar-Sucre | D104: -75.402778 | E104: 8.0038889 | F104: 50 | G104: 23 | H104: 23466 | I104: Córdoba | J104: Montelíbano | K104: 0 | L104: 16 | M104: 0 | N104: 55.3 | O104: 0 | P104: 3.4 | Q104: 0 | R104: 0 | S104: 0 | T104: 0 | U104: 0 | V104: 0 | W104: 0 | X104: 3.8 | Y104: 0 | Z104: 2 | AA104: 15.4 | AB104: 0 | AC104: 0 | AD104: 0 | AE104: 0 | AF104: 11.9 | AG104: 0 | AH104: 0 | AI104: 17.7 | AJ104: 0 | AK104: 0 | AL104: 0 | AM104: 0 | AN104: 0 | AP104: =COUNTIF(K104:AO104,">=0") -> 30 | AQ104: =IF(AP104>0,SUM(K104:AO104),"") -> 125.5 | AR104: =IFERROR(VLOOKUP(A104,Climatologia_PP!A:U,9+Precipitacion!$E$2,FALSE),"") -> 349.52857 | AS104: =IFERROR((AQ104/AR104)*100,"") -> 35.905505 | AT104: =IFERROR(IF(AND((AQ104*$I$2*100/(AR104*AP104))>100+3.33*AQ104-AR104*AP104/$I$2,AR104<30),IF(100+3.33*AQ104-AR104*AP104/$I$2>200,200,100+3.33*AQ104-AR104*AP104/$I$2),IF((AQ104*$I$2*100/(AR104*AP104))<100+AQ104-3.33*AR104*AP104/$I$2,100+AQ104-3.33*AR104*AP104/$I$2,IF((AQ104*$I$2*100/(AR104*AP104))>200,200,(AQ104*$I$2*100/(AR104*AP104))))),"") -> 35.905505 | AU104: =IF(AP104>0,MAX(K104:AO104),"") -> 55.3 | AV104: =IFERROR(VLOOKUP(A104,Maximos!A:AQ,8+(Precipitacion!$E$2-1)*3,FALSE),"") -> 137 | AW104: {=IFERROR( _xlfn.LET( _xlpm.mesNum, E$2, _xlpm.mesTxt, INDEX({"ENERO","FEBRERO","MARZO","ABRIL","MAYO","JUNIO","JULIO","AGOSTO","SEPTIEMBRE","OCTUBRE","NOVIEMBRE","DICIEMBRE"}, _xlpm.mesNum), _xlpm.colIni, MATCH(_xlpm.mesTxt, Maximos!$1:$1, 0), _xlpm.fila, MATCH($A104, Maximos!$A:$A, 0), _xlpm.anio, INDEX(Maximos!$A:$ZZ, _xlpm.fila, _xlpm.colIni+1), _xlpm.dia, INDEX(Maximos!$A:$ZZ, _xlpm.fila, _xlpm.colIni+2), IF(OR(_xlpm.anio="",_xlpm.dia=""), "No aplica", DATE(_xlpm.anio, _xlpm.mesNum, _xlpm.dia)) ), "")} -> 44722 | AX104: =IFERROR(AU104-AV104,"NA") -> -81.7
A105: 13015040 | B105: Represa Urra | C105: Area Operativa 02 - Atlántico-Bolívar-Sucre | D105: -76.203056 | E105: 8.0141667 | F105: 300 | G105: 23 | H105: 23807 | I105: Córdoba | J105: Tierralta | K105: 1.4 | L105: 62.7 | M105: 8.5 | N105: 0 | O105: 0 | P105: 6.2 | Q105: 41 | R105: 0 | S105: 0.8 | T105: 0 | U105: 0 | V105: 10 | W105: 0 | X105: 22 | Y105: 22.1 | Z105: 28.4 | AA105: 9.4 | AB105: 0 | AC105: 0 | AD105: 2.2 | AE105: 0 | AF105: 16.8 | AG105: 0 | AH105: 0 | AI105: 26.3 | AJ105: 1.5 | AK105: 0 | AL105: 5 | AM105: 0 | AN105: 15.8 | AP105: =COUNTIF(K105:AO105,">=0") -> 30 | AQ105: =IF(AP105>0,SUM(K105:AO105),"") -> 280.1 | AR105: =IFERROR(VLOOKUP(A105,Climatologia_PP!A:U,9+Precipitacion!$E$2,FALSE),"") | AS105: =IFERROR((AQ105/AR105)*100,"") | AT105: =IFERROR(IF(AND((AQ105*$I$2*100/(AR105*AP105))>100+3.33*AQ105-AR105*AP105/$I$2,AR105<30),IF(100+3.33*AQ105-AR105*AP105/$I$2>200,200,100+3.33*AQ105-AR105*AP105/$I$2),IF((AQ105*$I$2*100/(AR105*AP105))<100+AQ105-3.33*AR105*AP105/$I$2,100+AQ105-3.33*AR105*AP105/$I$2,IF((AQ105*$I$2*100/(AR105*AP105))>200,200,(AQ105*$I$2*100/(AR105*AP105))))),"") | AU105: =IF(AP105>0,MAX(K105:AO105),"") -> 62.7 | AV105: =IFERROR(VLOOKUP(A105,Maximos!A:AQ,8+(Precipitacion!$E$2-1)*3,FALSE),"") -> 132 | AW105: {=IFERROR( _xlfn.LET( _xlpm.mesNum, E$2, _xlpm.mesTxt, INDEX({"ENERO","FEBRERO","MARZO","ABRIL","MAYO","JUNIO","JULIO","AGOSTO","SEPTIEMBRE","OCTUBRE","NOVIEMBRE","DICIEMBRE"}, _xlpm.mesNum), _xlpm.colIni, MATCH(_xlpm.mesTxt, Maximos!$1:$1, 0), _xlpm.fila, MATCH($A105, Maximos!$A:$A, 0), _xlpm.anio, INDEX(Maximos!$A:$ZZ, _xlpm.fila, _xlpm.colIni+1), _xlpm.dia, INDEX(Maximos!$A:$ZZ, _xlpm.fila, _xlpm.colIni+2), IF(OR(_xlpm.anio="",_xlpm.dia=""), "No aplica", DATE(_xlpm.anio, _xlpm.mesNum, _xlpm.dia)) ), "")} -> 40718 | AX105: =IFERROR(AU105-AV105,"NA") -> -69.3
A106: 25021350 | B106: Mompos | C106: Area Operativa 02 - Atlántico-Bolívar-Sucre | D106: -74.43565 | E106: 9.26256 | F106: 20 | G106: 13 | H106: 13468 | I106: Bolívar | J106: Santa Cruz De Mompox | Q106: 3 | AP106: =COUNTIF(K106:AO106,">=0") -> 1 | AQ106: =IF(AP106>0,SUM(K106:AO106),"") -> 3 | AR106: =IFERROR(VLOOKUP(A106,Climatologia_PP!A:U,9+Precipitacion!$E$2,FALSE),"") -> 170.68966 | AS106: =IFERROR((AQ106/AR106)*100,"") -> 1.7575758 | AT106: =IFERROR(IF(AND((AQ106*$I$2*100/(AR106*AP106))>100+3.33*AQ106-AR106*AP106/$I$2,AR106<30),IF(100+3.33*AQ106-AR106*AP106/$I$2>200,200,100+3.33*AQ106-AR106*AP106/$I$2),IF((AQ106*$I$2*100/(AR106*AP106))<100+AQ106-3.33*AR106*AP106/$I$2,100+AQ106-3.33*AR106*AP106/$I$2,IF((AQ106*$I$2*100/(AR106*AP106))>200,200,(AQ106*$I$2*100/(AR106*AP106))))),"") -> 84.053448 | AU106: =IF(AP106>0,MAX(K106:AO106),"") -> 3 | AV106: =IFERROR(VLOOKUP(A106,Maximos!A:AQ,8+(Precipitacion!$E$2-1)*3,FALSE),"") -> 135.5 | AW106: {=IFERROR( _xlfn.LET( _xlpm.mesNum, E$2, _xlpm.mesTxt, INDEX({"ENERO","FEBRERO","MARZO","ABRIL","MAYO","JUNIO","JULIO","AGOSTO","SEPTIEMBRE","OCTUBRE","NOVIEMBRE","DICIEMBRE"}, _xlpm.mesNum), _xlpm.colIni, MATCH(_xlpm.mesTxt, Maximos!$1:$1, 0), _xlpm.fila, MATCH($A106, Maximos!$A:$A, 0), _xlpm.anio, INDEX(Maximos!$A:$ZZ, _xlpm.fila, _xlpm.colIni+1), _xlpm.dia, INDEX(Maximos!$A:$ZZ, _xlpm.fila, _xlpm.colIni+2), IF(OR(_xlpm.anio="",_xlpm.dia=""), "No aplica", DATE(_xlpm.anio, _xlpm.mesNum, _xlpm.dia)) ), "")} -> 38143 | AX106: =IFERROR(AU106-AV106,"NA") -> -132.5
A107: 13085010 | B107: Doctrina La | C107: Area Operativa 02 - Atlántico-Bolívar-Sucre | D107: -75.892778 | E107: 9.2972222 | F107: 20 | G107: 23 | H107: 23417 | I107: Córdoba | J107: Lorica | AP107: =COUNTIF(K107:AO107,">=0") -> 0 | AQ107: =IF(AP107>0,SUM(K107:AO107),"") | AR107: =IFERROR(VLOOKUP(A107,Climatologia_PP!A:U,9+Precipitacion!$E$2,FALSE),"") -> 164.08 | AS107: =IFERROR((AQ107/AR107)*100,"") | AT107: =IFERROR(IF(AND((AQ107*$I$2*100/(AR107*AP107))>100+3.33*AQ107-AR107*AP107/$I$2,AR107<30),IF(100+3.33*AQ107-AR107*AP107/$I$2>200,200,100+3.33*AQ107-AR107*AP107/$I$2),IF((AQ107*$I$2*100/(AR107*AP107))<100+AQ107-3.33*AR107*AP107/$I$2,100+AQ107-3.33*AR107*AP107/$I$2,IF((AQ107*$I$2*100/(AR107*AP107))>200,200,(AQ107*$I$2*100/(AR107*AP107))))),"") | AU107: =IF(AP107>0,MAX(K107:AO107),"") | AV107: =IFERROR(VLOOKUP(A107,Maximos!A:AQ,8+(Precipitacion!$E$2-1)*3,FALSE),"") -> 137 | AW107: {=IFERROR( _xlfn.LET( _xlpm.mesNum, E$2, _xlpm.mesTxt, INDEX({"ENERO","FEBRERO","MARZO","ABRIL","MAYO","JUNIO","JULIO","AGOSTO","SEPTIEMBRE","OCTUBRE","NOVIEMBRE","DICIEMBRE"}, _xlpm.mesNum), _xlpm.colIni, MATCH(_xlpm.mesTxt, Maximos!$1:$1, 0), _xlpm.fila, MATCH($A107, Maximos!$A:$A, 0), _xlpm.anio, INDEX(Maximos!$A:$ZZ, _xlpm.fila, _xlpm.colIni+1), _xlpm.dia, INDEX(Maximos!$A:$ZZ, _xlpm.fila, _xlpm.colIni+2), IF(OR(_xlpm.anio="",_xlpm.dia=""), "No aplica", DATE(_xlpm.anio, _xlpm.mesNum, _xlpm.dia)) ), "")} -> 27922 | AX107: =IFERROR(AU107-AV107,"NA") -> NA
A108: 25025270 | B108: Unisucre Aut | C108: Area Operativa 02 - Atlántico-Bolívar-Sucre | D108: -75.3875 | E108: 9.3163889 | F108: 160 | G108: 70 | H108: 70001 | I108: Sucre | J108: Sincelejo | K108: 0 | L108: 9.9 | M108: 0 | N108: 0 | O108: 14.1 | P108: 7.5 | Q108: 0.4 | R108: 3.4 | S108: 0.9 | T108: 0 | U108: 0 | V108: 0 | W108: 0 | X108: 0 | Y108: 0.7 | Z108: 0 | AA108: 10.5 | AB108: 2.7 | AC108: 0 | AD108: 4.2 | AE108: 0 | AF108: 7.1 | AG108: 1.1 | AH108: 0 | AI108: 0 | AJ108: 0 | AK108: 0 | AL108: 0 | AM108: 0 | AN108: 1 | AP108: =COUNTIF(K108:AO108,">=0") -> 30 | AQ108: =IF(AP108>0,SUM(K108:AO108),"") -> 63.5 | AR108: =IFERROR(VLOOKUP(A108,Climatologia_PP!A:U,9+Precipitacion!$E$2,FALSE),"") -> 152.45333 | AS108: =IFERROR((AQ108/AR108)*100,"") -> 41.65209 | AT108: =IFERROR(IF(AND((AQ108*$I$2*100/(AR108*AP108))>100+3.33*AQ108-AR108*AP108/$I$2,AR108<30),IF(100+3.33*AQ108-AR108*AP108/$I$2>200,200,100+3.33*AQ108-AR108*AP108/$I$2),IF((AQ108*$I$2*100/(AR108*AP108))<100+AQ108-3.33*AR108*AP108/$I$2,100+AQ108-3.33*AR108*AP108/$I$2,IF((AQ108*$I$2*100/(AR108*AP108))>200,200,(AQ108*$I$2*100/(AR108*AP108))))),"") -> 41.65209 | AU108: =IF(AP108>0,MAX(K108:AO108),"") -> 14.1 | AV108: =IFERROR(VLOOKUP(A108,Maximos!A:AQ,8+(Precipitacion!$E$2-1)*3,FALSE),"") -> 96.7 | AW108: {=IFERROR( _xlfn.LET( _xlpm.mesNum, E$2, _xlpm.mesTxt, INDEX({"ENERO","FEBRERO","MARZO","ABRIL","MAYO","JUNIO","JULIO","AGOSTO","SEPTIEMBRE","OCTUBRE","NOVIEMBRE","DICIEMBRE"}, _xlpm.mesNum), _xlpm.colIni, MATCH(_xlpm.mesTxt, Maximos!$1:$1, 0), _xlpm.fila, MATCH($A108, Maximos!$A:$A, 0), _xlpm.anio, INDEX(Maximos!$A:$ZZ, _xlpm.fila, _xlpm.colIni+1), _xlpm.dia, INDEX(Maximos!$A:$ZZ, _xlpm.fila, _xlpm.colIni+2), IF(OR(_xlpm.anio="",_xlpm.dia=""), "No aplica", DATE(_xlpm.anio, _xlpm.mesNum, _xlpm.dia)) ), "")} -> 36334 | AX108: =IFERROR(AU108-AV108,"NA") -> -82.6
A109: 25025080 | B109: Aeropuerto Rafael Barvo | C109: Area Operativa 02 - Atlántico-Bolívar-Sucre | D109: -75.283056 | E109: 9.3338889 | F109: 166 | G109: 70 | H109: 70215 | I109: Sucre | J109: Corozal | K109: 0 | L109: 3 | M109: 0 | N109: 0 | O109: 10 | P109: 30.4 | Q109: 0.5 | R109: 0.1 | S109: 0 | T109: 0 | U109: 0 | V109: 0 | W109: 0 | X109: 0 | Y109: 0 | Z109: 0 | AA109: 29.3 | AB109: 2.1 | AC109: 0 | AD109: 0 | AE109: 0 | AF109: 5.6 | AG109: 9.1 | AH109: 0 | AI109: 0 | AJ109: 0 | AK109: 0 | AL109: 0 | AM109: 0 | AN109: 0 | AP109: =COUNTIF(K109:AO109,">=0") -> 30 | AQ109: =IF(AP109>0,SUM(K109:AO109),"") -> 90.1 | AR109: =IFERROR(VLOOKUP(A109,Climatologia_PP!A:U,9+Precipitacion!$E$2,FALSE),"") -> 129.21481 | AS109: =IFERROR((AQ109/AR109)*100,"") -> 69.728847 | AT109: =IFERROR(IF(AND((AQ109*$I$2*100/(AR109*AP109))>100+3.33*AQ109-AR109*AP109/$I$2,AR109<30),IF(100+3.33*AQ109-AR109*AP109/$I$2>200,200,100+3.33*AQ109-AR109*AP109/$I$2),IF((AQ109*$I$2*100/(AR109*AP109))<100+AQ109-3.33*AR109*AP109/$I$2,100+AQ109-3.33*AR109*AP109/$I$2,IF((AQ109*$I$2*100/(AR109*AP109))>200,200,(AQ109*$I$2*100/(AR109*AP109))))),"") -> 69.728847 | AU109: =IF(AP109>0,MAX(K109:AO109),"") -> 30.4 | AV109: =IFERROR(VLOOKUP(A109,Maximos!A:AQ,8+(Precipitacion!$E$2-1)*3,FALSE),"") -> 98.8 | AW109: {=IFERROR( _xlfn.LET( _xlpm.mesNum, E$2, _xlpm.mesTxt, INDEX({"ENERO","FEBRERO","MARZO","ABRIL","MAYO","JUNIO","JULIO","AGOSTO","SEPTIEMBRE","OCTUBRE","NOVIEMBRE","DICIEMBRE"}, _xlpm.mesNum), _xlpm.colIni, MATCH(_xlpm.mesTxt, Maximos!$1:$1, 0), _xlpm.fila, MATCH($A109, Maximos!$A:$A, 0), _xlpm.anio, INDEX(Maximos!$A:$ZZ, _xlpm.fila, _xlpm.colIni+1), _xlpm.dia, INDEX(Maximos!$A:$ZZ, _xlpm.fila, _xlpm.colIni+2), IF(OR(_xlpm.anio="",_xlpm.dia=""), "No aplica", DATE(_xlpm.anio, _xlpm.mesNum, _xlpm.dia)) ), "")} -> 34505 | AX109: =IFERROR(AU109-AV109,"NA") -> -68.4
A110: 25020700 | B110: Apartada La | C110: Area Operativa 02 - Atlántico-Bolívar-Sucre | D110: -75.338611 | E110: 8.0530556 | F110: 50 | G110: 23 | H110: 23350 | I110: Córdoba | J110: La Apartada | AP110: =COUNTIF(K110:AO110,">=0") -> 0 | AQ110: =IF(AP110>0,SUM(K110:AO110),"") | AR110: =IFERROR(VLOOKUP(A110,Climatologia_PP!A:U,9+Precipitacion!$E$2,FALSE),"") -> 232.05357 | AS110: =IFERROR((AQ110/AR110)*100,"") | AT110: =IFERROR(IF(AND((AQ110*$I$2*100/(AR110*AP110))>100+3.33*AQ110-AR110*AP110/$I$2,AR110<30),IF(100+3.33*AQ110-AR110*AP110/$I$2>200,200,100+3.33*AQ110-AR110*AP110/$I$2),IF((AQ110*$I$2*100/(AR110*AP110))<100+AQ110-3.33*AR110*AP110/$I$2,100+AQ110-3.33*AR110*AP110/$I$2,IF((AQ110*$I$2*100/(AR110*AP110))>200,200,(AQ110*$I$2*100/(AR110*AP110))))),"") | AU110: =IF(AP110>0,MAX(K110:AO110),"") | AV110: =IFERROR(VLOOKUP(A110,Maximos!A:AQ,8+(Precipitacion!$E$2-1)*3,FALSE),"") -> 150 | AW110: {=IFERROR( _xlfn.LET( _xlpm.mesNum, E$2, _xlpm.mesTxt, INDEX({"ENERO","FEBRERO","MARZO","ABRIL","MAYO","JUNIO","JULIO","AGOSTO","SEPTIEMBRE","OCTUBRE","NOVIEMBRE","DICIEMBRE"}, _xlpm.mesNum), _xlpm.colIni, MATCH(_xlpm.mesTxt, Maximos!$1:$1, 0), _xlpm.fila, MATCH($A110, Maximos!$A:$A, 0), _xlpm.anio, INDEX(Maximos!$A:$ZZ, _xlpm.fila, _xlpm.colIni+1), _xlpm.dia, INDEX(Maximos!$A:$ZZ, _xlpm.fila, _xlpm.colIni+2), IF(OR(_xlpm.anio="",_xlpm.dia=""), "No aplica", DATE(_xlpm.anio, _xlpm.mesNum, _xlpm.dia)) ), "")} -> 32682 | AX110: =IFERROR(AU110-AV110,"NA") -> NA
A111: 13090040 | B111: Chalan | C111: Area Operativa 02 - Atlántico-Bolívar-Sucre | D111: -75.3225 | E111: 9.5386111 | F111: 100 | G111: 70 | H111: 70230 | I111: Sucre | J111: Chalán | K111: 0 | L111: 52 | M111: 0 | N111: 0 | O111: 29 | P111: 7 | Q111: 0 | R111: 0 | S111: 0 | T111: 0 | U111: 0 | V111: 0 | W111: 0 | X111: 0 | Y111: 0 | Z111: 0 | AA111: 0 | AB111: 7 | AC111: 0 | AD111: 0 | AE111: 0 | AF111: 9 | AG111: 0 | AH111: 0 | AI111: 0 | AJ111: 0 | AK111: 0 | AL111: 0 | AM111: 0 | AN111: 0 | AP111: =COUNTIF(K111:AO111,">=0") -> 30 | AQ111: =IF(AP111>0,SUM(K111:AO111),"") -> 104 | AR111: =IFERROR(VLOOKUP(A111,Climatologia_PP!A:U,9+Precipitacion!$E$2,FALSE),"") -> 131.35333 | AS111: =IFERROR((AQ111/AR111)*100,"") -> 79.17576 | AT111: =IFERROR(IF(AND((AQ111*$I$2*100/(AR111*AP111))>100+3.33*AQ111-AR111*AP111/$I$2,AR111<30),IF(100+3.33*AQ111-AR111*AP111/$I$2>200,200,100+3.33*AQ111-AR111*AP111/$I$2),IF((AQ111*$I$2*100/(AR111*AP111))<100+AQ111-3.33*AR111*AP111/$I$2,100+AQ111-3.33*AR111*AP111/$I$2,IF((AQ111*$I$2*100/(AR111*AP111))>200,200,(AQ111*$I$2*100/(AR111*AP111))))),"") -> 79.17576 | AU111: =IF(AP111>0,MAX(K111:AO111),"") -> 52 | AV111: =IFERROR(VLOOKUP(A111,Maximos!A:AQ,8+(Precipitacion!$E$2-1)*3,FALSE),"") -> 95 | AW111: {=IFERROR( _xlfn.LET( _xlpm.mesNum, E$2, _xlpm.mesTxt, INDEX({"ENERO","FEBRERO","MARZO","ABRIL","MAYO","JUNIO","JULIO","AGOSTO","SEPTIEMBRE","OCTUBRE","NOVIEMBRE","DICIEMBRE"}, _xlpm.mesNum), _xlpm.colIni, MATCH(_xlpm.mesTxt, Maximos!$1:$1, 0), _xlpm.fila, MATCH($A111, Maximos!$A:$A, 0), _xlpm.anio, INDEX(Maximos!$A:$ZZ, _xlpm.fila, _xlpm.colIni+1), _xlpm.dia, INDEX(Maximos!$A:$ZZ, _xlpm.fila, _xlpm.colIni+2), IF(OR(_xlpm.anio="",_xlpm.dia=""), "No aplica", DATE(_xlpm.anio, _xlpm.mesNum, _xlpm.dia)) ), "")} -> 29390 | AX111: =IFERROR(AU111-AV111,"NA") -> -43
A112: 25020960 | B112: Córdoba | C112: Area Operativa 02 - Atlántico-Bolívar-Sucre | D112: -74.825202 | E112: 9.588234 | F112: 20 | G112: 13 | H112: 13212 | I112: Bolívar | J112: Córdoba | K112: 0 | L112: 54 | M112: 4 | N112: 0 | O112: 0 | P112: 6 | Q112: 0 | R112: 0 | S112: 0 | T112: 0 | U112: 0 | V112: 0 | W112: 0 | X112: 0 | Y112: 0 | Z112: 0 | AA112: 2 | AB112: 0 | AC112: 0 | AD112: 26 | AE112: 0 | AF112: 7 | AG112: 0 | AH112: 0 | AI112: 0 | AJ112: 0 | AK112: 0 | AL112: 0 | AM112: 0 | AN112: 37 | AP112: =COUNTIF(K112:AO112,">=0") -> 30 | AQ112: =IF(AP112>0,SUM(K112:AO112),"") -> 136 | AR112: =IFERROR(VLOOKUP(A112,Climatologia_PP!A:U,9+Precipitacion!$E$2,FALSE),"") -> 128.84815 | AS112: =IFERROR((AQ112/AR112)*100,"") -> 105.55061 | AT112: =IFERROR(IF(AND((AQ112*$I$2*100/(AR112*AP112))>100+3.33*AQ112-AR112*AP112/$I$2,AR112<30),IF(100+3.33*AQ112-AR112*AP112/$I$2>200,200,100+3.33*AQ112-AR112*AP112/$I$2),IF((AQ112*$I$2*100/(AR112*AP112))<100+AQ112-3.33*AR112*AP112/$I$2,100+AQ112-3.33*AR112*AP112/$I$2,IF((AQ112*$I$2*100/(AR112*AP112))>200,200,(AQ112*$I$2*100/(AR112*AP112))))),"") -> 105.55061 | AU112: =IF(AP112>0,MAX(K112:AO112),"") -> 54 | AV112: =IFERROR(VLOOKUP(A112,Maximos!A:AQ,8+(Precipitacion!$E$2-1)*3,FALSE),"") -> 128 | AW112: {=IFERROR( _xlfn.LET( _xlpm.mesNum, E$2, _xlpm.mesTxt, INDEX({"ENERO","FEBRERO","MARZO","ABRIL","MAYO","JUNIO","JULIO","AGOSTO","SEPTIEMBRE","OCTUBRE","NOVIEMBRE","DICIEMBRE"}, _xlpm.mesNum), _xlpm.colIni, MATCH(_xlpm.mesTxt, Maximos!$1:$1, 0), _xlpm.fila, MATCH($A112, Maximos!$A:$A, 0), _xlpm.anio, INDEX(Maximos!$A:$ZZ, _xlpm.fila, _xlpm.colIni+1), _xlpm.dia, INDEX(Maximos!$A:$ZZ, _xlpm.fila, _xlpm.colIni+2), IF(OR(_xlpm.anio="",_xlpm.dia=""), "No aplica", DATE(_xlpm.anio, _xlpm.mesNum, _xlpm.dia)) ), "")} -> 42893 | AX112: =IFERROR(AU112-AV112,"NA") -> -74
A113: 13030010 | B113: Tierralta | C113: Area Operativa 02 - Atlántico-Bolívar-Sucre | D113: -76.053056 | E113: 8.1866667 | F113: 100 | G113: 23 | H113: 23807 | I113: Córdoba | J113: Tierralta | K113: 0 | L113: 26 | M113: 4 | N113: 5 | O113: 0 | P113: 2 | Q113: 3 | R113: 0 | S113: 0 | T113: 0 | U113: 0 | V113: 0 | W113: 0 | X113: 7 | Y113: 1 | Z113: 0 | AA113: 0 | AB113: 4 | AC113: 0 | AD113: 26 | AE113: 0 | AF113: 16 | AG113: 0 | AH113: 0 | AI113: 29 | AJ113: 0 | AK113: 0 | AL113: 0 | AM113: 0 | AN113: 13 | AP113: =COUNTIF(K113:AO113,">=0") -> 30 | AQ113: =IF(AP113>0,SUM(K113:AO113),"") -> 136 | AR113: =IFERROR(VLOOKUP(A113,Climatologia_PP!A:U,9+Precipitacion!$E$2,FALSE),"") -> 235.81111 | AS113: =IFERROR((AQ113/AR113)*100,"") -> 57.673279 | AT113: =IFERROR(IF(AND((AQ113*$I$2*100/(AR113*AP113))>100+3.33*AQ113-AR113*AP113/$I$2,AR113<30),IF(100+3.33*AQ113-AR113*AP113/$I$2>200,200,100+3.33*AQ113-AR113*AP113/$I$2),IF((AQ113*$I$2*100/(AR113*AP113))<100+AQ113-3.33*AR113*AP113/$I$2,100+AQ113-3.33*AR113*AP113/$I$2,IF((AQ113*$I$2*100/(AR113*AP113))>200,200,(AQ113*$I$2*100/(AR113*AP113))))),"") -> 57.673279 | AU113: =IF(AP113>0,MAX(K113:AO113),"") -> 29 | AV113: =IFERROR(VLOOKUP(A113,Maximos!A:AQ,8+(Precipitacion!$E$2-1)*3,FALSE),"") -> 135 | AW113: {=IFERROR( _xlfn.LET( _xlpm.mesNum, E$2, _xlpm.mesTxt, INDEX({"ENERO","FEBRERO","MARZO","ABRIL","MAYO","JUNIO","JULIO","AGOSTO","SEPTIEMBRE","OCTUBRE","NOVIEMBRE","DICIEMBRE"}, _xlpm.mesNum), _xlpm.colIni, MATCH(_xlpm.mesTxt, Maximos!$1:$1, 0), _xlpm.fila, MATCH($A113, Maximos!$A:$A, 0), _xlpm.anio, INDEX(Maximos!$A:$ZZ, _xlpm.fila, _xlpm.colIni+1), _xlpm.dia, INDEX(Maximos!$A:$ZZ, _xlpm.fila, _xlpm.colIni+2), IF(OR(_xlpm.anio="",_xlpm.dia=""), "No aplica", DATE(_xlpm.anio, _xlpm.mesNum, _xlpm.dia)) ), "")} -> 40344 | AX113: =IFERROR(AU113-AV113,"NA") -> -106
A114: 25025190 | B114: Planeta Rica - Aut | C114: Area Operativa 02 - Atlántico-Bolívar-Sucre | D114: -75.583722 | E114: 8.3993333 | F114: 90 | G114: 23 | H114: 23555 | I114: Córdoba | J114: Planeta Rica | K114: 0 | L114: 0 | M114: 31.8 | N114: 3 | O114: 1.7 | P114: 23.5 | Q114: 0 | R114: 0 | S114: 1 | T114: 0 | U114: 0 | V114: 0 | W114: 0 | X114: 0 | Y114: 3.2 | Z114: 48.9 | AA114: 11.8 | AB114: 0 | AC114: 0 | AD114: 0.2 | AE114: 0 | AF114: 24.2 | AG114: 0 | AH114: 0 | AI114: 19 | AJ114: 0 | AK114: 0 | AL114: 0 | AM114: 0 | AN114: 2 | AP114: =COUNTIF(K114:AO114,">=0") -> 30 | AQ114: =IF(AP114>0,SUM(K114:AO114),"") -> 170.3 | AR114: =IFERROR(VLOOKUP(A114,Climatologia_PP!A:U,9+Precipitacion!$E$2,FALSE),"") -> 213.24828 | AS114: =IFERROR((AQ114/AR114)*100,"") -> 79.859966 | AT114: =IFERROR(IF(AND((AQ114*$I$2*100/(AR114*AP114))>100+3.33*AQ114-AR114*AP114/$I$2,AR114<30),IF(100+3.33*AQ114-AR114*AP114/$I$2>200,200,100+3.33*AQ114-AR114*AP114/$I$2),IF((AQ114*$I$2*100/(AR114*AP114))<100+AQ114-3.33*AR114*AP114/$I$2,100+AQ114-3.33*AR114*AP114/$I$2,IF((AQ114*$I$2*100/(AR114*AP114))>200,200,(AQ114*$I$2*100/(AR114*AP114))))),"") -> 79.859966 | AU114: =IF(AP114>0,MAX(K114:AO114),"") -> 48.9 | AV114: =IFERROR(VLOOKUP(A114,Maximos!A:AQ,8+(Precipitacion!$E$2-1)*3,FALSE),"") -> 133 | AW114: {=IFERROR( _xlfn.LET( _xlpm.mesNum, E$2, _xlpm.mesTxt, INDEX({"ENERO","FEBRERO","MARZO","ABRIL","MAYO","JUNIO","JULIO","AGOSTO","SEPTIEMBRE","OCTUBRE","NOVIEMBRE","DICIEMBRE"}, _xlpm.mesNum), _xlpm.colIni, MATCH(_xlpm.mesTxt, Maximos!$1:$1, 0), _xlpm.fila, MATCH($A114, Maximos!$A:$A, 0), _xlpm.anio, INDEX(Maximos!$A:$ZZ, _xlpm.fila, _xlpm.colIni+1), _xlpm.dia, INDEX(Maximos!$A:$ZZ, _xlpm.fila, _xlpm.colIni+2), IF(OR(_xlpm.anio="",_xlpm.dia=""), "No aplica", DATE(_xlpm.anio, _xlpm.mesNum, _xlpm.dia)) ), "")} -> 45458 | AX114: =IFERROR(AU114-AV114,"NA") -> -84.1
A115: 12030010 | B115: San Juan De Uraba | C115: Area Operativa 02 - Atlántico-Bolívar-Sucre | D115: -76.533056 | E115: 8.7552222 | F115: 4 | G115: 5 | H115: 5659 | I115: Antioquia | J115: San Juan De Urabá | K115: 0 | L115: 19 | M115: 0 | N115: 0 | O115: 0 | P115: 45 | Q115: 0 | R115: 0 | S115: 0 | T115: 0 | U115: 0 | V115: 10 | W115: 0 | X115: 0 | Y115: 0 | Z115: 3 | AA115: 0 | AB115: 0 | AC115: 0 | AD115: 0 | AE115: 0 | AF115: 5 | AG115: 0 | AH115: 0 | AI115: 10 | AJ115: 0 | AK115: 0 | AL115: 0 | AM115: 0 | AN115: 0 | AP115: =COUNTIF(K115:AO115,">=0") -> 30 | AQ115: =IF(AP115>0,SUM(K115:AO115),"") -> 92 | AR115: =IFERROR(VLOOKUP(A115,Climatologia_PP!A:U,9+Precipitacion!$E$2,FALSE),"") -> 236.0931 | AS115: =IFERROR((AQ115/AR115)*100,"") -> 38.967678 | AT115: =IFERROR(IF(AND((AQ115*$I$2*100/(AR115*AP115))>100+3.33*AQ115-AR115*AP115/$I$2,AR115<30),IF(100+3.33*AQ115-AR115*AP115/$I$2>200,200,100+3.33*AQ115-AR115*AP115/$I$2),IF((AQ115*$I$2*100/(AR115*AP115))<100+AQ115-3.33*AR115*AP115/$I$2,100+AQ115-3.33*AR115*AP115/$I$2,IF((AQ115*$I$2*100/(AR115*AP115))>200,200,(AQ115*$I$2*100/(AR115*AP115))))),"") -> 38.967678 | AU115: =IF(AP115>0,MAX(K115:AO115),"") -> 45 | AV115: =IFERROR(VLOOKUP(A115,Maximos!A:AQ,8+(Precipitacion!$E$2-1)*3,FALSE),"") -> 153 | AW115: {=IFERROR( _xlfn.LET( _xlpm.mesNum, E$2, _xlpm.mesTxt, INDEX({"ENERO","FEBRERO","MARZO","ABRIL","MAYO","JUNIO","JULIO","AGOSTO","SEPTIEMBRE","OCTUBRE","NOVIEMBRE","DICIEMBRE"}, _xlpm.mesNum), _xlpm.colIni, MATCH(_xlpm.mesTxt, Maximos!$1:$1, 0), _xlpm.fila, MATCH($A115, Maximos!$A:$A, 0), _xlpm.anio, INDEX(Maximos!$A:$ZZ, _xlpm.fila, _xlpm.colIni+1), _xlpm.dia, INDEX(Maximos!$A:$ZZ, _xlpm.fila, _xlpm.colIni+2), IF(OR(_xlpm.anio="",_xlpm.dia=""), "No aplica", DATE(_xlpm.anio, _xlpm.mesNum, _xlpm.dia)) ), "")} -> 27558 | AX115: =IFERROR(AU115-AV115,"NA") -> -108
A116: 29040300 | B116: Puerto Giraldo | C116: Area Operativa 02 - Atlántico-Bolívar-Sucre | D116: -74.825537 | E116: 10.509383 | F116: 5 | G116: 8 | H116: 8560 | I116: Atlántico | J116: Ponedera | K116: 0 | L116: 23 | M116: 5 | N116: 5 | O116: 0 | P116: 4 | Q116: 0 | R116: 0 | S116: 4 | T116: 0 | U116: 0 | V116: 0 | W116: 25 | X116: 3 | Y116: 25 | Z116: 0 | AA116: 0 | AB116: 2 | AC116: 0 | AD116: 0 | AE116: 0 | AF116: 0 | AG116: 2 | AH116: 0 | AI116: 0 | AJ116: 0 | AK116: 0 | AL116: 0 | AM116: 0 | AN116: 0 | AP116: =COUNTIF(K116:AO116,">=0") -> 30 | AQ116: =IF(AP116>0,SUM(K116:AO116),"") -> 98 | AR116: =IFERROR(VLOOKUP(A116,Climatologia_PP!A:U,9+Precipitacion!$E$2,FALSE),"") -> 115.73333 | AS116: =IFERROR((AQ116/AR116)*100,"") -> 84.677419 | AT116: =IFERROR(IF(AND((AQ116*$I$2*100/(AR116*AP116))>100+3.33*AQ116-AR116*AP116/$I$2,AR116<30),IF(100+3.33*AQ116-AR116*AP116/$I$2>200,200,100+3.33*AQ116-AR116*AP116/$I$2),IF((AQ116*$I$2*100/(AR116*AP116))<100+AQ116-3.33*AR116*AP116/$I$2,100+AQ116-3.33*AR116*AP116/$I$2,IF((AQ116*$I$2*100/(AR116*AP116))>200,200,(AQ116*$I$2*100/(AR116*AP116))))),"") -> 84.677419 | AU116: =IF(AP116>0,MAX(K116:AO116),"") -> 25 | AV116: =IFERROR(VLOOKUP(A116,Maximos!A:AQ,8+(Precipitacion!$E$2-1)*3,FALSE),"") -> 84 | AW116: {=IFERROR( _xlfn.LET( _xlpm.mesNum, E$2, _xlpm.mesTxt, INDEX({"ENERO","FEBRERO","MARZO","ABRIL","MAYO","JUNIO","JULIO","AGOSTO","SEPTIEMBRE","OCTUBRE","NOVIEMBRE","DICIEMBRE"}, _xlpm.mesNum), _xlpm.colIni, MATCH(_xlpm.mesTxt, Maximos!$1:$1, 0), _xlpm.fila, MATCH($A116, Maximos!$A:$A, 0), _xlpm.anio, INDEX(Maximos!$A:$ZZ, _xlpm.fila, _xlpm.colIni+1), _xlpm.dia, INDEX(Maximos!$A:$ZZ, _xlpm.fila, _xlpm.colIni+2), IF(OR(_xlpm.anio="",_xlpm.dia=""), "No aplica", DATE(_xlpm.anio, _xlpm.mesNum, _xlpm.dia)) ), "")} -> 39621 | AX116: =IFERROR(AU116-AV116,"NA") -> -59
A117: 14010020 | B117: Hibacharo | C117: Area Operativa 02 - Atlántico-Bolívar-Sucre | D117: -75.140111 | E117: 10.721889 | F117: 80 | G117: 8 | H117: 8549 | I117: Atlántico | J117: Piojó | K117: 4 | L117: 5 | M117: 0 | N117: 0 | O117: 21 | P117: 8 | Q117: 3 | R117: 2 | S117: 0 | T117: 0 | U117: 0 | V117: 0 | W117: 10 | X117: 0 | Y117: 3 | Z117: 0 | AA117: 6 | AB117: 4 | AC117: 17 | AD117: 0 | AE117: 0 | AF117: 0 | AG117: 0 | AH117: 0 | AI117: 0 | AJ117: 0 | AK117: 0 | AL117: 0 | AM117: 0 | AN117: 0 | AP117: =COUNTIF(K117:AO117,">=0") -> 30 | AQ117: =IF(AP117>0,SUM(K117:AO117),"") -> 83 | AR117: =IFERROR(VLOOKUP(A117,Climatologia_PP!A:U,9+Precipitacion!$E$2,FALSE),"") -> 116.93103 | AS117: =IFERROR((AQ117/AR117)*100,"") -> 70.982011 | AT117: =IFERROR(IF(AND((AQ117*$I$2*100/(AR117*AP117))>100+3.33*AQ117-AR117*AP117/$I$2,AR117<30),IF(100+3.33*AQ117-AR117*AP117/$I$2>200,200,100+3.33*AQ117-AR117*AP117/$I$2),IF((AQ117*$I$2*100/(AR117*AP117))<100+AQ117-3.33*AR117*AP117/$I$2,100+AQ117-3.33*AR117*AP117/$I$2,IF((AQ117*$I$2*100/(AR117*AP117))>200,200,(AQ117*$I$2*100/(AR117*AP117))))),"") -> 70.982011 | AU117: =IF(AP117>0,MAX(K117:AO117),"") -> 21 | AV117: =IFERROR(VLOOKUP(A117,Maximos!A:AQ,8+(Precipitacion!$E$2-1)*3,FALSE),"") -> 123 | AW117: {=IFERROR( _xlfn.LET( _xlpm.mesNum, E$2, _xlpm.mesTxt, INDEX({"ENERO","FEBRERO","MARZO","ABRIL","MAYO","JUNIO","JULIO","AGOSTO","SEPTIEMBRE","OCTUBRE","NOVIEMBRE","DICIEMBRE"}, _xlpm.mesNum), _xlpm.colIni, MATCH(_xlpm.mesTxt, Maximos!$1:$1, 0), _xlpm.fila, MATCH($A117, Maximos!$A:$A, 0), _xlpm.anio, INDEX(Maximos!$A:$ZZ, _xlpm.fila, _xlpm.colIni+1), _xlpm.dia, INDEX(Maximos!$A:$ZZ, _xlpm.fila, _xlpm.colIni+2), IF(OR(_xlpm.anio="",_xlpm.dia=""), "No aplica", DATE(_xlpm.anio, _xlpm.mesNum, _xlpm.dia)) ), "")} -> 43991 | AX117: =IFERROR(AU117-AV117,"NA") -> -102
A118: 29040310 | B118: San Pedrito Alerta | C118: Area Operativa 02 - Atlántico-Bolívar-Sucre | D118: -74.907967 | E118: 10.2686 | F118: 8 | G118: 8 | H118: 8770 | I118: Atlántico | J118: Suan | Q118: 0 | AP118: =COUNTIF(K118:AO118,">=0") -> 1 | AQ118: =IF(AP118>0,SUM(K118:AO118),"") -> 0 | AR118: =IFERROR(VLOOKUP(A118,Climatologia_PP!A:U,9+Precipitacion!$E$2,FALSE),"") -> 136.03214 | AS118: =IFERROR((AQ118/AR118)*100,"") -> 0 | AT118: =IFERROR(IF(AND((AQ118*$I$2*100/(AR118*AP118))>100+3.33*AQ118-AR118*AP118/$I$2,AR118<30),IF(100+3.33*AQ118-AR118*AP118/$I$2>200,200,100+3.33*AQ118-AR118*AP118/$I$2),IF((AQ118*$I$2*100/(AR118*AP118))<100+AQ118-3.33*AR118*AP118/$I$2,100+AQ118-3.33*AR118*AP118/$I$2,IF((AQ118*$I$2*100/(AR118*AP118))>200,200,(AQ118*$I$2*100/(AR118*AP118))))),"") -> 84.900432 | AU118: =IF(AP118>0,MAX(K118:AO118),"") -> 0 | AV118: =IFERROR(VLOOKUP(A118,Maximos!A:AQ,8+(Precipitacion!$E$2-1)*3,FALSE),"") -> 106 | AW118: {=IFERROR( _xlfn.LET( _xlpm.mesNum, E$2, _xlpm.mesTxt, INDEX({"ENERO","FEBRERO","MARZO","ABRIL","MAYO","JUNIO","JULIO","AGOSTO","SEPTIEMBRE","OCTUBRE","NOVIEMBRE","DICIEMBRE"}, _xlpm.mesNum), _xlpm.colIni, MATCH(_xlpm.mesTxt, Maximos!$1:$1, 0), _xlpm.fila, MATCH($A118, Maximos!$A:$A, 0), _xlpm.anio, INDEX(Maximos!$A:$ZZ, _xlpm.fila, _xlpm.colIni+1), _xlpm.dia, INDEX(Maximos!$A:$ZZ, _xlpm.fila, _xlpm.colIni+2), IF(OR(_xlpm.anio="",_xlpm.dia=""), "No aplica", DATE(_xlpm.anio, _xlpm.mesNum, _xlpm.dia)) ), "")} -> 29394 | AX118: =IFERROR(AU118-AV118,"NA") -> -106
A119: 29040250 | B119: Campo De La Cruz | C119: Area Operativa 02 - Atlántico-Bolívar-Sucre | D119: -74.888374 | E119: 10.37671 | F119: 4 | G119: 8 | H119: 8137 | I119: Atlántico | J119: Campo De La Cruz | K119: 0 | L119: 9 | M119: 12 | N119: 0 | O119: 0 | P119: 4 | Q119: 9 | R119: 2 | S119: 8 | T119: 0 | U119: 0 | V119: 0 | W119: 5 | X119: 0 | Y119: 10 | Z119: 0 | AA119: 12 | AB119: 0 | AC119: 0 | AD119: 0 | AE119: 0 | AF119: 10 | AG119: 0 | AH119: 0 | AI119: 0 | AJ119: 0 | AK119: 0 | AL119: 0 | AM119: 0 | AN119: 0 | AP119: =COUNTIF(K119:AO119,">=0") -> 30 | AQ119: =IF(AP119>0,SUM(K119:AO119),"") -> 81 | AR119: =IFERROR(VLOOKUP(A119,Climatologia_PP!A:U,9+Precipitacion!$E$2,FALSE),"") -> 112.44667 | AS119: =IFERROR((AQ119/AR119)*100,"") -> 72.03415 | AT119: =IFERROR(IF(AND((AQ119*$I$2*100/(AR119*AP119))>100+3.33*AQ119-AR119*AP119/$I$2,AR119<30),IF(100+3.33*AQ119-AR119*AP119/$I$2>200,200,100+3.33*AQ119-AR119*AP119/$I$2),IF((AQ119*$I$2*100/(AR119*AP119))<100+AQ119-3.33*AR119*AP119/$I$2,100+AQ119-3.33*AR119*AP119/$I$2,IF((AQ119*$I$2*100/(AR119*AP119))>200,200,(AQ119*$I$2*100/(AR119*AP119))))),"") -> 72.03415 | AU119: =IF(AP119>0,MAX(K119:AO119),"") -> 12 | AV119: =IFERROR(VLOOKUP(A119,Maximos!A:AQ,8+(Precipitacion!$E$2-1)*3,FALSE),"") -> 70 | AW119: {=IFERROR( _xlfn.LET( _xlpm.mesNum, E$2, _xlpm.mesTxt, INDEX({"ENERO","FEBRERO","MARZO","ABRIL","MAYO","JUNIO","JULIO","AGOSTO","SEPTIEMBRE","OCTUBRE","NOVIEMBRE","DICIEMBRE"}, _xlpm.mesNum), _xlpm.colIni, MATCH(_xlpm.mesTxt, Maximos!$1:$1, 0), _xlpm.fila, MATCH($A119, Maximos!$A:$A, 0), _xlpm.anio, INDEX(Maximos!$A:$ZZ, _xlpm.fila, _xlpm.colIni+1), _xlpm.dia, INDEX(Maximos!$A:$ZZ, _xlpm.fila, _xlpm.colIni+2), IF(OR(_xlpm.anio="",_xlpm.dia=""), "No aplica", DATE(_xlpm.anio, _xlpm.mesNum, _xlpm.dia)) ), "")} -> 31958 | AX119: =IFERROR(AU119-AV119,"NA") -> -58
A120: 25021370 | B120: San Luis | C120: Area Operativa 02 - Atlántico-Bolívar-Sucre | D120: -74.704339 | E120: 8.878103 | F120: 20 | G120: 70 | H120: 70771 | I120: Sucre | J120: Sucre | K120: 0 | L120: 3 | M120: 0 | N120: 0 | O120: 3 | P120: 4 | Q120: 8 | R120: 67 | S120: 0 | T120: 0 | U120: 0 | V120: 0 | W120: 0 | X120: 0 | Y120: 0 | Z120: 0 | AA120: 0 | AB120: 4 | AC120: 0 | AD120: 0 | AE120: 0 | AF120: 0 | AG120: 0 | AH120: 0 | AI120: 0 | AJ120: 0 | AK120: 0 | AL120: 0 | AM120: 0 | AN120: 0 | AP120: =COUNTIF(K120:AO120,">=0") -> 30 | AQ120: =IF(AP120>0,SUM(K120:AO120),"") -> 89 | AR120: =IFERROR(VLOOKUP(A120,Climatologia_PP!A:U,9+Precipitacion!$E$2,FALSE),"") -> 256.91 | AS120: =IFERROR((AQ120/AR120)*100,"") -> 34.642482 | AT120: =IFERROR(IF(AND((AQ120*$I$2*100/(AR120*AP120))>100+3.33*AQ120-AR120*AP120/$I$2,AR120<30),IF(100+3.33*AQ120-AR120*AP120/$I$2>200,200,100+3.33*AQ120-AR120*AP120/$I$2),IF((AQ120*$I$2*100/(AR120*AP120))<100+AQ120-3.33*AR120*AP120/$I$2,100+AQ120-3.33*AR120*AP120/$I$2,IF((AQ120*$I$2*100/(AR120*AP120))>200,200,(AQ120*$I$2*100/(AR120*AP120))))),"") -> 34.642482 | AU120: =IF(AP120>0,MAX(K120:AO120),"") -> 67 | AV120: =IFERROR(VLOOKUP(A120,Maximos!A:AQ,8+(Precipitacion!$E$2-1)*3,FALSE),"") -> 150 | AW120: {=IFERROR( _xlfn.LET( _xlpm.mesNum, E$2, _xlpm.mesTxt, INDEX({"ENERO","FEBRERO","MARZO","ABRIL","MAYO","JUNIO","JULIO","AGOSTO","SEPTIEMBRE","OCTUBRE","NOVIEMBRE","DICIEMBRE"}, _xlpm.mesNum), _xlpm.colIni, MATCH(_xlpm.mesTxt, Maximos!$1:$1, 0), _xlpm.fila, MATCH($A120, Maximos!$A:$A, 0), _xlpm.anio, INDEX(Maximos!$A:$ZZ, _xlpm.fila, _xlpm.colIni+1), _xlpm.dia, INDEX(Maximos!$A:$ZZ, _xlpm.fila, _xlpm.colIni+2), IF(OR(_xlpm.anio="",_xlpm.dia=""), "No aplica", DATE(_xlpm.anio, _xlpm.mesNum, _xlpm.dia)) ), "")} -> 28287 | AX120: =IFERROR(AU120-AV120,"NA") -> -83
A121: 29040020 | B121: Montebello | C121: Area Operativa 02 - Atlántico-Bolívar-Sucre | D121: -74.907833 | E121: 10.7085 | F121: 100 | G121: 8 | H121: 8078 | I121: Atlántico | J121: Baranoa | K121: 0 | L121: 6.4 | M121: 0 | N121: 0 | O121: 1.5 | P121: 4.6 | Q121: 2.3 | R121: 6.2 | S121: 9.3 | T121: 0 | U121: 0 | V121: 0 | W121: 0 | X121: 2.6 | Y121: 20 | Z121: 0 | AA121: 0 | AB121: 19.5 | AC121: 0 | AD121: 0 | AE121: 0 | AF121: 0 | AG121: 4.2 | AH121: 0 | AI121: 0 | AJ121: 0 | AK121: 0 | AL121: 0 | AM121: 0 | AN121: 0 | AP121: =COUNTIF(K121:AO121,">=0") -> 30 | AQ121: =IF(AP121>0,SUM(K121:AO121),"") -> 76.6 | AR121: =IFERROR(VLOOKUP(A121,Climatologia_PP!A:U,9+Precipitacion!$E$2,FALSE),"") -> 132.45333 | AS121: =IFERROR((AQ121/AR121)*100,"") -> 57.831689 | AT121: =IFERROR(IF(AND((AQ121*$I$2*100/(AR121*AP121))>100+3.33*AQ121-AR121*AP121/$I$2,AR121<30),IF(100+3.33*AQ121-AR121*AP121/$I$2>200,200,100+3.33*AQ121-AR121*AP121/$I$2),IF((AQ121*$I$2*100/(AR121*AP121))<100+AQ121-3.33*AR121*AP121/$I$2,100+AQ121-3.33*AR121*AP121/$I$2,IF((AQ121*$I$2*100/(AR121*AP121))>200,200,(AQ121*$I$2*100/(AR121*AP121))))),"") -> 57.831689 | AU121: =IF(AP121>0,MAX(K121:AO121),"") -> 20 | AV121: =IFERROR(VLOOKUP(A121,Maximos!A:AQ,8+(Precipitacion!$E$2-1)*3,FALSE),"") -> 67 | AW121: {=IFERROR( _xlfn.LET( _xlpm.mesNum, E$2, _xlpm.mesTxt, INDEX({"ENERO","FEBRERO","MARZO","ABRIL","MAYO","JUNIO","JULIO","AGOSTO","SEPTIEMBRE","OCTUBRE","NOVIEMBRE","DICIEMBRE"}, _xlpm.mesNum), _xlpm.colIni, MATCH(_xlpm.mesTxt, Maximos!$1:$1, 0), _xlpm.fila, MATCH($A121, Maximos!$A:$A, 0), _xlpm.anio, INDEX(Maximos!$A:$ZZ, _xlpm.fila, _xlpm.colIni+1), _xlpm.dia, INDEX(Maximos!$A:$ZZ, _xlpm.fila, _xlpm.colIni+2), IF(OR(_xlpm.anio="",_xlpm.dia=""), "No aplica", DATE(_xlpm.anio, _xlpm.mesNum, _xlpm.dia)) ), "")} -> 42545 | AX121: =IFERROR(AU121-AV121,"NA") -> -47
A122: 29035110 | B122: San Pablo | C122: Area Operativa 02 - Atlántico-Bolívar-Sucre | D122: -75.258611 | E122: 10.043167 | F122: 20 | G122: 13 | H122: 13442 | I122: Bolívar | J122: María La Baja | K122: 0 | L122: 19 | M122: 26.7 | N122: 0 | O122: 14.2 | P122: 21 | Q122: 0 | R122: 12.2 | S122: 0 | T122: 0 | U122: 0 | V122: 0 | W122: 38.6 | X122: 0 | Y122: 12.4 | Z122: 10.2 | AA122: 5.6 | AB122: 3.2 | AC122: 18 | AD122: 0.4 | AE122: 0 | AF122: 12.4 | AG122: 0 | AH122: 0 | AI122: 0 | AJ122: 0 | AK122: 0 | AL122: 0 | AM122: 0 | AN122: 0.5 | AP122: =COUNTIF(K122:AO122,">=0") -> 30 | AQ122: =IF(AP122>0,SUM(K122:AO122),"") -> 194.4 | AR122: =IFERROR(VLOOKUP(A122,Climatologia_PP!A:U,9+Precipitacion!$E$2,FALSE),"") -> 178.46429 | AS122: =IFERROR((AQ122/AR122)*100,"") -> 108.92936 | AT122: =IFERROR(IF(AND((AQ122*$I$2*100/(AR122*AP122))>100+3.33*AQ122-AR122*AP122/$I$2,AR122<30),IF(100+3.33*AQ122-AR122*AP122/$I$2>200,200,100+3.33*AQ122-AR122*AP122/$I$2),IF((AQ122*$I$2*100/(AR122*AP122))<100+AQ122-3.33*AR122*AP122/$I$2,100+AQ122-3.33*AR122*AP122/$I$2,IF((AQ122*$I$2*100/(AR122*AP122))>200,200,(AQ122*$I$2*100/(AR122*AP122))))),"") -> 108.92936 | AU122: =IF(AP122>0,MAX(K122:AO122),"") -> 38.6 | AV122: =IFERROR(VLOOKUP(A122,Maximos!A:AQ,8+(Precipitacion!$E$2-1)*3,FALSE),"") -> 134.8 | AW122: {=IFERROR( _xlfn.LET( _xlpm.mesNum, E$2, _xlpm.mesTxt, INDEX({"ENERO","FEBRERO","MARZO","ABRIL","MAYO","JUNIO","JULIO","AGOSTO","SEPTIEMBRE","OCTUBRE","NOVIEMBRE","DICIEMBRE"}, _xlpm.mesNum), _xlpm.colIni, MATCH(_xlpm.mesTxt, Maximos!$1:$1, 0), _xlpm.fila, MATCH($A122, Maximos!$A:$A, 0), _xlpm.anio, INDEX(Maximos!$A:$ZZ, _xlpm.fila, _xlpm.colIni+1), _xlpm.dia, INDEX(Maximos!$A:$ZZ, _xlpm.fila, _xlpm.colIni+2), IF(OR(_xlpm.anio="",_xlpm.dia=""), "No aplica", DATE(_xlpm.anio, _xlpm.mesNum, _xlpm.dia)) ), "")} -> 37789 | AX122: =IFERROR(AU122-AV122,"NA") -> -96.2
A123: 29030050 | B123: San Estanislao | C123: Area Operativa 02 - Atlántico-Bolívar-Sucre | D123: -75.161833 | E123: 10.404111 | F123: 20 | G123: 13 | H123: 13647 | I123: Bolívar | J123: San Estanislao | K123: 15 | L123: 35 | M123: 8 | N123: 0 | O123: 5 | P123: 12 | Q123: 0 | R123: 9 | S123: 80 | T123: 0 | U123: 0 | V123: 0 | W123: 0 | X123: 0 | Y123: 12 | Z123: 0 | AA123: 0 | AB123: 0 | AC123: 0 | AD123: 0 | AE123: 0 | AF123: 20 | AG123: 18 | AH123: 0 | AI123: 0 | AJ123: 0 | AK123: 0 | AL123: 0 | AM123: 0 | AN123: 0 | AP123: =COUNTIF(K123:AO123,">=0") -> 30 | AQ123: =IF(AP123>0,SUM(K123:AO123),"") -> 214 | AR123: =IFERROR(VLOOKUP(A123,Climatologia_PP!A:U,9+Precipitacion!$E$2,FALSE),"") -> 136.17667 | AS123: =IFERROR((AQ123/AR123)*100,"") -> 157.1488 | AT123: =IFERROR(IF(AND((AQ123*$I$2*100/(AR123*AP123))>100+3.33*AQ123-AR123*AP123/$I$2,AR123<30),IF(100+3.33*AQ123-AR123*AP123/$I$2>200,200,100+3.33*AQ123-AR123*AP123/$I$2),IF((AQ123*$I$2*100/(AR123*AP123))<100+AQ123-3.33*AR123*AP123/$I$2,100+AQ123-3.33*AR123*AP123/$I$2,IF((AQ123*$I$2*100/(AR123*AP123))>200,200,(AQ123*$I$2*100/(AR123*AP123))))),"") -> 157.1488 | AU123: =IF(AP123>0,MAX(K123:AO123),"") -> 80 | AV123: =IFERROR(VLOOKUP(A123,Maximos!A:AQ,8+(Precipitacion!$E$2-1)*3,FALSE),"") -> 118.1 | AW123: {=IFERROR( _xlfn.LET( _xlpm.mesNum, E$2, _xlpm.mesTxt, INDEX({"ENERO","FEBRERO","MARZO","ABRIL","MAYO","JUNIO","JULIO","AGOSTO","SEPTIEMBRE","OCTUBRE","NOVIEMBRE","DICIEMBRE"}, _xlpm.mesNum), _xlpm.colIni, MATCH(_xlpm.mesTxt, Maximos!$1:$1, 0), _xlpm.fila, MATCH($A123, Maximos!$A:$A, 0), _xlpm.anio, INDEX(Maximos!$A:$ZZ, _xlpm.fila, _xlpm.colIni+1), _xlpm.dia, INDEX(Maximos!$A:$ZZ, _xlpm.fila, _xlpm.colIni+2), IF(OR(_xlpm.anio="",_xlpm.dia=""), "No aplica", DATE(_xlpm.anio, _xlpm.mesNum, _xlpm.dia)) ), "")} -> 35974 | AX123: =IFERROR(AU123-AV123,"NA") -> -38.1
A124: 14010050 | B124: Cañaveral | C124: Area Operativa 02 - Atlántico-Bolívar-Sucre | D124: -75.335295 | E124: 10.392974 | F124: 75 | G124: 13 | H124: 13836 | I124: Bolívar | J124: Turbaco | K124: 12.4 | L124: 12.1 | M124: 0 | N124: 0 | O124: 5.9 | P124: 8.4 | Q124: 1.8 | R124: 23.3 | S124: 0 | T124: 0 | U124: 0 | V124: 0 | W124: 6 | X124: 0 | Y124: 5.8 | Z124: 0 | AA124: 0 | AB124: 0 | AC124: 2.1 | AD124: 5.8 | AE124: 0 | AF124: 0 | AG124: 0 | AH124: 0 | AI124: 0 | AJ124: 0 | AK124: 0 | AL124: 0 | AM124: 0 | AN124: 0 | AP124: =COUNTIF(K124:AO124,">=0") -> 30 | AQ124: =IF(AP124>0,SUM(K124:AO124),"") -> 83.6 | AR124: =IFERROR(VLOOKUP(A124,Climatologia_PP!A:U,9+Precipitacion!$E$2,FALSE),"") -> 111.02333 | AS124: =IFERROR((AQ124/AR124)*100,"") -> 75.299487 | AT124: =IFERROR(IF(AND((AQ124*$I$2*100/(AR124*AP124))>100+3.33*AQ124-AR124*AP124/$I$2,AR124<30),IF(100+3.33*AQ124-AR124*AP124/$I$2>200,200,100+3.33*AQ124-AR124*AP124/$I$2),IF((AQ124*$I$2*100/(AR124*AP124))<100+AQ124-3.33*AR124*AP124/$I$2,100+AQ124-3.33*AR124*AP124/$I$2,IF((AQ124*$I$2*100/(AR124*AP124))>200,200,(AQ124*$I$2*100/(AR124*AP124))))),"") -> 75.299487 | AU124: =IF(AP124>0,MAX(K124:AO124),"") -> 23.3 | AV124: =IFERROR(VLOOKUP(A124,Maximos!A:AQ,8+(Precipitacion!$E$2-1)*3,FALSE),"") -> 100 | AW124: {=IFERROR( _xlfn.LET( _xlpm.mesNum, E$2, _xlpm.mesTxt, INDEX({"ENERO","FEBRERO","MARZO","ABRIL","MAYO","JUNIO","JULIO","AGOSTO","SEPTIEMBRE","OCTUBRE","NOVIEMBRE","DICIEMBRE"}, _xlpm.mesNum), _xlpm.colIni, MATCH(_xlpm.mesTxt, Maximos!$1:$1, 0), _xlpm.fila, MATCH($A124, Maximos!$A:$A, 0), _xlpm.anio, INDEX(Maximos!$A:$ZZ, _xlpm.fila, _xlpm.colIni+1), _xlpm.dia, INDEX(Maximos!$A:$ZZ, _xlpm.fila, _xlpm.colIni+2), IF(OR(_xlpm.anio="",_xlpm.dia=""), "No aplica", DATE(_xlpm.anio, _xlpm.mesNum, _xlpm.dia)) ), "")} -> 34514 | AX124: =IFERROR(AU124-AV124,"NA") -> -76.7
A125: 25025210 | B125: Pinillos | C125: Area Operativa 02 - Atlántico-Bolívar-Sucre | D125: -74.457778 | E125: 8.9113889 | F125: 10 | G125: 13 | H125: 13549 | I125: Bolívar | J125: Pinillos | AP125: =COUNTIF(K125:AO125,">=0") -> 0 | AQ125: =IF(AP125>0,SUM(K125:AO125),"") | AR125: =IFERROR(VLOOKUP(A125,Climatologia_PP!A:U,9+Precipitacion!$E$2,FALSE),"") -> 259.85 | AS125: =IFERROR((AQ125/AR125)*100,"") | AT125: =IFERROR(IF(AND((AQ125*$I$2*100/(AR125*AP125))>100+3.33*AQ125-AR125*AP125/$I$2,AR125<30),IF(100+3.33*AQ125-AR125*AP125/$I$2>200,200,100+3.33*AQ125-AR125*AP125/$I$2),IF((AQ125*$I$2*100/(AR125*AP125))<100+AQ125-3.33*AR125*AP125/$I$2,100+AQ125-3.33*AR125*AP125/$I$2,IF((AQ125*$I$2*100/(AR125*AP125))>200,200,(AQ125*$I$2*100/(AR125*AP125))))),"") | AU125: =IF(AP125>0,MAX(K125:AO125),"") | AV125: =IFERROR(VLOOKUP(A125,Maximos!A:AQ,8+(Precipitacion!$E$2-1)*3,FALSE),"") -> 161.3 | AW125: {=IFERROR( _xlfn.LET( _xlpm.mesNum, E$2, _xlpm.mesTxt, INDEX({"ENERO","FEBRERO","MARZO","ABRIL","MAYO","JUNIO","JULIO","AGOSTO","SEPTIEMBRE","OCTUBRE","NOVIEMBRE","DICIEMBRE"}, _xlpm.mesNum), _xlpm.colIni, MATCH(_xlpm.mesTxt, Maximos!$1:$1, 0), _xlpm.fila, MATCH($A125, Maximos!$A:$A, 0), _xlpm.anio, INDEX(Maximos!$A:$ZZ, _xlpm.fila, _xlpm.colIni+1), _xlpm.dia, INDEX(Maximos!$A:$ZZ, _xlpm.fila, _xlpm.colIni+2), IF(OR(_xlpm.anio="",_xlpm.dia=""), "No aplica", DATE(_xlpm.anio, _xlpm.mesNum, _xlpm.dia)) ), "")} -> 42893 | AX125: =IFERROR(AU125-AV125,"NA") -> NA
A126: 13075020 | B126: Salado El | C126: Area Operativa 02 - Atlántico-Bolívar-Sucre | D126: -75.582222 | E126: 8.9138889 | F126: 40 | G126: 23 | H126: 23189 | I126: Córdoba | J126: Ciénaga De Oro | K126: 0 | L126: 4.6 | M126: 0.5 | N126: 1.4 | O126: 0 | P126: 6.6 | Q126: 0.5 | R126: 0 | S126: 0 | T126: 0 | U126: 0 | V126: 0 | W126: 14.5 | X126: 0 | Y126: 12.8 | AA126: 3.3 | AB126: 0 | AC126: 0 | AD126: 0 | AE126: 0 | AF126: 15.3 | AG126: 0 | AH126: 0 | AI126: 0 | AJ126: 0 | AK126: 0 | AL126: 0 | AM126: 0 | AN126: 0 | AP126: =COUNTIF(K126:AO126,">=0") -> 29 | AQ126: =IF(AP126>0,SUM(K126:AO126),"") -> 59.5 | AR126: =IFERROR(VLOOKUP(A126,Climatologia_PP!A:U,9+Precipitacion!$E$2,FALSE),"") -> 163.81379 | AS126: =IFERROR((AQ126/AR126)*100,"") -> 36.321728 | AT126: =IFERROR(IF(AND((AQ126*$I$2*100/(AR126*AP126))>100+3.33*AQ126-AR126*AP126/$I$2,AR126<30),IF(100+3.33*AQ126-AR126*AP126/$I$2>200,200,100+3.33*AQ126-AR126*AP126/$I$2),IF((AQ126*$I$2*100/(AR126*AP126))<100+AQ126-3.33*AR126*AP126/$I$2,100+AQ126-3.33*AR126*AP126/$I$2,IF((AQ126*$I$2*100/(AR126*AP126))>200,200,(AQ126*$I$2*100/(AR126*AP126))))),"") -> 37.574201 | AU126: =IF(AP126>0,MAX(K126:AO126),"") -> 15.3 | AV126: =IFERROR(VLOOKUP(A126,Maximos!A:AQ,8+(Precipitacion!$E$2-1)*3,FALSE),"") -> 100 | AW126: {=IFERROR( _xlfn.LET( _xlpm.mesNum, E$2, _xlpm.mesTxt, INDEX({"ENERO","FEBRERO","MARZO","ABRIL","MAYO","JUNIO","JULIO","AGOSTO","SEPTIEMBRE","OCTUBRE","NOVIEMBRE","DICIEMBRE"}, _xlpm.mesNum), _xlpm.colIni, MATCH(_xlpm.mesTxt, Maximos!$1:$1, 0), _xlpm.fila, MATCH($A126, Maximos!$A:$A, 0), _xlpm.anio, INDEX(Maximos!$A:$ZZ, _xlpm.fila, _xlpm.colIni+1), _xlpm.dia, INDEX(Maximos!$A:$ZZ, _xlpm.fila, _xlpm.colIni+2), IF(OR(_xlpm.anio="",_xlpm.dia=""), "No aplica", DATE(_xlpm.anio, _xlpm.mesNum, _xlpm.dia)) ), "")} -> 26830 | AX126: =IFERROR(AU126-AV126,"NA") -> -84.7
A127: 29040240 | B127: Usiacuri | C127: Area Operativa 02 - Atlántico-Bolívar-Sucre | D127: -74.980556 | E127: 10.744722 | F127: 100 | G127: 8 | H127: 8849 | I127: Atlántico | J127: Usiacurí | K127: 0 | L127: 4 | M127: 3.5 | N127: 0 | O127: 5 | P127: 7.5 | Q127: 1.5 | R127: 4.6 | S127: 0 | T127: 0 | U127: 0 | V127: 0 | W127: 0 | X127: 0 | Y127: 14 | Z127: 0 | AA127: 12 | AB127: 7.5 | AC127: 8 | AD127: 0 | AE127: 0 | AF127: 0 | AG127: 0 | AH127: 13 | AI127: 0 | AJ127: 0 | AK127: 0 | AL127: 0 | AM127: 0 | AN127: 0 | AP127: =COUNTIF(K127:AO127,">=0") -> 30 | AQ127: =IF(AP127>0,SUM(K127:AO127),"") -> 80.6 | AR127: =IFERROR(VLOOKUP(A127,Climatologia_PP!A:U,9+Precipitacion!$E$2,FALSE),"") -> 117.47778 | AS127: =IFERROR((AQ127/AR127)*100,"") -> 68.60872 | AT127: =IFERROR(IF(AND((AQ127*$I$2*100/(AR127*AP127))>100+3.33*AQ127-AR127*AP127/$I$2,AR127<30),IF(100+3.33*AQ127-AR127*AP127/$I$2>200,200,100+3.33*AQ127-AR127*AP127/$I$2),IF((AQ127*$I$2*100/(AR127*AP127))<100+AQ127-3.33*AR127*AP127/$I$2,100+AQ127-3.33*AR127*AP127/$I$2,IF((AQ127*$I$2*100/(AR127*AP127))>200,200,(AQ127*$I$2*100/(AR127*AP127))))),"") -> 68.60872 | AU127: =IF(AP127>0,MAX(K127:AO127),"") -> 14 | AV127: =IFERROR(VLOOKUP(A127,Maximos!A:AQ,8+(Precipitacion!$E$2-1)*3,FALSE),"") -> 84 | AW127: {=IFERROR( _xlfn.LET( _xlpm.mesNum, E$2, _xlpm.mesTxt, INDEX({"ENERO","FEBRERO","MARZO","ABRIL","MAYO","JUNIO","JULIO","AGOSTO","SEPTIEMBRE","OCTUBRE","NOVIEMBRE","DICIEMBRE"}, _xlpm.mesNum), _xlpm.colIni, MATCH(_xlpm.mesTxt, Maximos!$1:$1, 0), _xlpm.fila, MATCH($A127, Maximos!$A:$A, 0), _xlpm.anio, INDEX(Maximos!$A:$ZZ, _xlpm.fila, _xlpm.colIni+1), _xlpm.dia, INDEX(Maximos!$A:$ZZ, _xlpm.fila, _xlpm.colIni+2), IF(OR(_xlpm.anio="",_xlpm.dia=""), "No aplica", DATE(_xlpm.anio, _xlpm.mesNum, _xlpm.dia)) ), "")} -> 27918 | AX127: =IFERROR(AU127-AV127,"NA") -> -70
A128: 29035000 | B128: Sincerin - Aut | C128: Area Operativa 02 - Atlántico-Bolívar-Sucre | D128: -75.278278 | E128: 10.142583 | F128: 10 | G128: 13 | H128: 13052 | I128: Bolívar | J128: Arjona | U128: 0 | V128: 0 | W128: 0 | X128: 0 | Y128: 8 | Z128: 1 | AA128: 0 | AB128: 0 | AC128: 5.5 | AD128: 2.7 | AE128: 0 | AF128: 13.8 | AG128: 0 | AH128: 0 | AJ128: 0 | AK128: 0 | AL128: 0 | AM128: 0 | AN128: 0 | AP128: =COUNTIF(K128:AO128,">=0") -> 19 | AQ128: =IF(AP128>0,SUM(K128:AO128),"") -> 31 | AR128: =IFERROR(VLOOKUP(A128,Climatologia_PP!A:U,9+Precipitacion!$E$2,FALSE),"") | AS128: =IFERROR((AQ128/AR128)*100,"") | AT128: =IFERROR(IF(AND((AQ128*$I$2*100/(AR128*AP128))>100+3.33*AQ128-AR128*AP128/$I$2,AR128<30),IF(100+3.33*AQ128-AR128*AP128/$I$2>200,200,100+3.33*AQ128-AR128*AP128/$I$2),IF((AQ128*$I$2*100/(AR128*AP128))<100+AQ128-3.33*AR128*AP128/$I$2,100+AQ128-3.33*AR128*AP128/$I$2,IF((AQ128*$I$2*100/(AR128*AP128))>200,200,(AQ128*$I$2*100/(AR128*AP128))))),"") | AU128: =IF(AP128>0,MAX(K128:AO128),"") -> 13.8 | AV128: =IFERROR(VLOOKUP(A128,Maximos!A:AQ,8+(Precipitacion!$E$2-1)*3,FALSE),"") -> 115.4 | AW128: {=IFERROR( _xlfn.LET( _xlpm.mesNum, E$2, _xlpm.mesTxt, INDEX({"ENERO","FEBRERO","MARZO","ABRIL","MAYO","JUNIO","JULIO","AGOSTO","SEPTIEMBRE","OCTUBRE","NOVIEMBRE","DICIEMBRE"}, _xlpm.mesNum), _xlpm.colIni, MATCH(_xlpm.mesTxt, Maximos!$1:$1, 0), _xlpm.fila, MATCH($A128, Maximos!$A:$A, 0), _xlpm.anio, INDEX(Maximos!$A:$ZZ, _xlpm.fila, _xlpm.colIni+1), _xlpm.dia, INDEX(Maximos!$A:$ZZ, _xlpm.fila, _xlpm.colIni+2), IF(OR(_xlpm.anio="",_xlpm.dia=""), "No aplica", DATE(_xlpm.anio, _xlpm.mesNum, _xlpm.dia)) ), "")} -> 43991 | AX128: =IFERROR(AU128-AV128,"NA") -> -101.6
A129: 12045010 | B129: Arboletes | C129: Area Operativa 02 - Atlántico-Bolívar-Sucre | D129: -76.431944 | E129: 8.8469444 | F129: 4 | G129: 5 | H129: 5051 | I129: Antioquia | J129: Arboletes | K129: 0 | L129: 51.2 | M129: 0 | N129: 0 | O129: 0 | P129: 112.8 | Q129: 0 | R129: 0 | S129: 0 | T129: 0 | U129: 0 | V129: 0 | W129: 0 | X129: 27.2 | Y129: 1 | Z129: 6.2 | AA129: 0 | AB129: 0 | AC129: 0 | AD129: 0 | AE129: 0 | AF129: 17.8 | AG129: 0 | AH129: 0 | AI129: 0 | AJ129: 17.4 | AK129: 0 | AL129: 0 | AM129: 0 | AN129: 0 | AP129: =COUNTIF(K129:AO129,">=0") -> 30 | AQ129: =IF(AP129>0,SUM(K129:AO129),"") -> 233.6 | AR129: =IFERROR(VLOOKUP(A129,Climatologia_PP!A:U,9+Precipitacion!$E$2,FALSE),"") | AS129: =IFERROR((AQ129/AR129)*100,"") | AT129: =IFERROR(IF(AND((AQ129*$I$2*100/(AR129*AP129))>100+3.33*AQ129-AR129*AP129/$I$2,AR129<30),IF(100+3.33*AQ129-AR129*AP129/$I$2>200,200,100+3.33*AQ129-AR129*AP129/$I$2),IF((AQ129*$I$2*100/(AR129*AP129))<100+AQ129-3.33*AR129*AP129/$I$2,100+AQ129-3.33*AR129*AP129/$I$2,IF((AQ129*$I$2*100/(AR129*AP129))>200,200,(AQ129*$I$2*100/(AR129*AP129))))),"") | AU129: =IF(AP129>0,MAX(K129:AO129),"") -> 112.8 | AV129: =IFERROR(VLOOKUP(A129,Maximos!A:AQ,8+(Precipitacion!$E$2-1)*3,FALSE),"") -> 136 | AW129: {=IFERROR( _xlfn.LET( _xlpm.mesNum, E$2, _xlpm.mesTxt, INDEX({"ENERO","FEBRERO","MARZO","ABRIL","MAYO","JUNIO","JULIO","AGOSTO","SEPTIEMBRE","OCTUBRE","NOVIEMBRE","DICIEMBRE"}, _xlpm.mesNum), _xlpm.colIni, MATCH(_xlpm.mesTxt, Maximos!$1:$1, 0), _xlpm.fila, MATCH($A129, Maximos!$A:$A, 0), _xlpm.anio, INDEX(Maximos!$A:$ZZ, _xlpm.fila, _xlpm.colIni+1), _xlpm.dia, INDEX(Maximos!$A:$ZZ, _xlpm.fila, _xlpm.colIni+2), IF(OR(_xlpm.anio="",_xlpm.dia=""), "No aplica", DATE(_xlpm.anio, _xlpm.mesNum, _xlpm.dia)) ), "")} -> 30125 | AX129: =IFERROR(AU129-AV129,"NA") -> -23.2
A130: 25025240 | B130: Majagual - Aut | C130: Area Operativa 02 - Atlántico-Bolívar-Sucre | D130: -74.626401 | E130: 8.542385 | F130: 26 | G130: 70 | H130: 70429 | I130: Sucre | J130: Majagual | AP130: =COUNTIF(K130:AO130,">=0") -> 0 | AQ130: =IF(AP130>0,SUM(K130:AO130),"") | AR130: =IFERROR(VLOOKUP(A130,Climatologia_PP!A:U,9+Precipitacion!$E$2,FALSE),"") | AS130: =IFERROR((AQ130/AR130)*100,"") | AT130: =IFERROR(IF(AND((AQ130*$I$2*100/(AR130*AP130))>100+3.33*AQ130-AR130*AP130/$I$2,AR130<30),IF(100+3.33*AQ130-AR130*AP130/$I$2>200,200,100+3.33*AQ130-AR130*AP130/$I$2),IF((AQ130*$I$2*100/(AR130*AP130))<100+AQ130-3.33*AR130*AP130/$I$2,100+AQ130-3.33*AR130*AP130/$I$2,IF((AQ130*$I$2*100/(AR130*AP130))>200,200,(AQ130*$I$2*100/(AR130*AP130))))),"") | AU130: =IF(AP130>0,MAX(K130:AO130),"") | AV130: =IFERROR(VLOOKUP(A130,Maximos!A:AQ,8+(Precipitacion!$E$2-1)*3,FALSE),"") | AW130: {=IFERROR( _xlfn.LET( _xlpm.mesNum, E$2, _xlpm.mesTxt, INDEX({"ENERO","FEBRERO","MARZO","ABRIL","MAYO","JUNIO","JULIO","AGOSTO","SEPTIEMBRE","OCTUBRE","NOVIEMBRE","DICIEMBRE"}, _xlpm.mesNum), _xlpm.colIni, MATCH(_xlpm.mesTxt, Maximos!$1:$1, 0), _xlpm.fila, MATCH($A130, Maximos!$A:$A, 0), _xlpm.anio, INDEX(Maximos!$A:$ZZ, _xlpm.fila, _xlpm.colIni+1), _xlpm.dia, INDEX(Maximos!$A:$ZZ, _xlpm.fila, _xlpm.colIni+2), IF(OR(_xlpm.anio="",_xlpm.dia=""), "No aplica", DATE(_xlpm.anio, _xlpm.mesNum, _xlpm.dia)) ), "")} | AX130: =IFERROR(AU130-AV130,"NA") -> NA
A131: 13090050 | B131: Toluviejo | C131: Area Operativa 02 - Atlántico-Bolívar-Sucre | D131: -75.44 | E131: 9.438 | F131: 60 | G131: 70 | H131: 70823 | I131: Sucre | J131: San José De Toluviejo | K131: 0 | L131: 19 | M131: 0 | N131: 0 | O131: 50 | P131: 35 | Q131: 3 | R131: 0 | S131: 0 | T131: 0 | U131: 0 | V131: 0 | W131: 0 | X131: 0 | Y131: 39 | Z131: 0 | AA131: 89 | AB131: 0 | AC131: 0 | AD131: 0 | AE131: 0 | AF131: 0 | AG131: 4 | AH131: 0 | AI131: 0 | AJ131: 0 | AK131: 0 | AL131: 0 | AM131: 0 | AN131: 0 | AP131: =COUNTIF(K131:AO131,">=0") -> 30 | AQ131: =IF(AP131>0,SUM(K131:AO131),"") -> 239 | AR131: =IFERROR(VLOOKUP(A131,Climatologia_PP!A:U,9+Precipitacion!$E$2,FALSE),"") -> 180.45556 | AS131: =IFERROR((AQ131/AR131)*100,"") -> 132.44258 | AT131: =IFERROR(IF(AND((AQ131*$I$2*100/(AR131*AP131))>100+3.33*AQ131-AR131*AP131/$I$2,AR131<30),IF(100+3.33*AQ131-AR131*AP131/$I$2>200,200,100+3.33*AQ131-AR131*AP131/$I$2),IF((AQ131*$I$2*100/(AR131*AP131))<100+AQ131-3.33*AR131*AP131/$I$2,100+AQ131-3.33*AR131*AP131/$I$2,IF((AQ131*$I$2*100/(AR131*AP131))>200,200,(AQ131*$I$2*100/(AR131*AP131))))),"") -> 132.44258 | AU131: =IF(AP131>0,MAX(K131:AO131),"") -> 89 | AV131: =IFERROR(VLOOKUP(A131,Maximos!A:AQ,8+(Precipitacion!$E$2-1)*3,FALSE),"") -> 146 | AW131: {=IFERROR( _xlfn.LET( _xlpm.mesNum, E$2, _xlpm.mesTxt, INDEX({"ENERO","FEBRERO","MARZO","ABRIL","MAYO","JUNIO","JULIO","AGOSTO","SEPTIEMBRE","OCTUBRE","NOVIEMBRE","DICIEMBRE"}, _xlpm.mesNum), _xlpm.colIni, MATCH(_xlpm.mesTxt, Maximos!$1:$1, 0), _xlpm.fila, MATCH($A131, Maximos!$A:$A, 0), _xlpm.anio, INDEX(Maximos!$A:$ZZ, _xlpm.fila, _xlpm.colIni+1), _xlpm.dia, INDEX(Maximos!$A:$ZZ, _xlpm.fila, _xlpm.colIni+2), IF(OR(_xlpm.anio="",_xlpm.dia=""), "No aplica", DATE(_xlpm.anio, _xlpm.mesNum, _xlpm.dia)) ), "")} -> 37789 | AX131: =IFERROR(AU131-AV131,"NA") -> -57
A132: 14010010 | B132: Piojo | C132: Area Operativa 02 - Atlántico-Bolívar-Sucre | D132: -75.107972 | E132: 10.746111 | F132: 320 | G132: 8 | H132: 8549 | I132: Atlántico | J132: Piojó | AP132: =COUNTIF(K132:AO132,">=0") -> 0 | AQ132: =IF(AP132>0,SUM(K132:AO132),"") | AR132: =IFERROR(VLOOKUP(A132,Climatologia_PP!A:U,9+Precipitacion!$E$2,FALSE),"") -> 118.70714 | AS132: =IFERROR((AQ132/AR132)*100,"") | AT132: =IFERROR(IF(AND((AQ132*$I$2*100/(AR132*AP132))>100+3.33*AQ132-AR132*AP132/$I$2,AR132<30),IF(100+3.33*AQ132-AR132*AP132/$I$2>200,200,100+3.33*AQ132-AR132*AP132/$I$2),IF((AQ132*$I$2*100/(AR132*AP132))<100+AQ132-3.33*AR132*AP132/$I$2,100+AQ132-3.33*AR132*AP132/$I$2,IF((AQ132*$I$2*100/(AR132*AP132))>200,200,(AQ132*$I$2*100/(AR132*AP132))))),"") | AU132: =IF(AP132>0,MAX(K132:AO132),"") | AV132: =IFERROR(VLOOKUP(A132,Maximos!A:AQ,8+(Precipitacion!$E$2-1)*3,FALSE),"") -> 112.8 | AW132: {=IFERROR( _xlfn.LET( _xlpm.mesNum, E$2, _xlpm.mesTxt, INDEX({"ENERO","FEBRERO","MARZO","ABRIL","MAYO","JUNIO","JULIO","AGOSTO","SEPTIEMBRE","OCTUBRE","NOVIEMBRE","DICIEMBRE"}, _xlpm.mesNum), _xlpm.colIni, MATCH(_xlpm.mesTxt, Maximos!$1:$1, 0), _xlpm.fila, MATCH($A132, Maximos!$A:$A, 0), _xlpm.anio, INDEX(Maximos!$A:$ZZ, _xlpm.fila, _xlpm.colIni+1), _xlpm.dia, INDEX(Maximos!$A:$ZZ, _xlpm.fila, _xlpm.colIni+2), IF(OR(_xlpm.anio="",_xlpm.dia=""), "No aplica", DATE(_xlpm.anio, _xlpm.mesNum, _xlpm.dia)) ), "")} -> 40710 | AX132: =IFERROR(AU132-AV132,"NA") -> NA
A133: 12045020 | B133: Cristo Rey - Aut | C133: Area Operativa 02 - Atlántico-Bolívar-Sucre | D133: -76.224444 | E133: 9.0711111 | F133: 15 | G133: 23 | H133: 23574 | I133: Córdoba | J133: Puerto Escondido | K133: 3.5 | L133: 2.5 | M133: 0 | N133: 0 | O133: 0 | P133: 22.3 | Q133: 26 | R133: 26 | S133: 0 | T133: 0 | U133: 0 | V133: 1 | W133: 8.7 | X133: 0 | Y133: 1 | Z133: 56.7 | AA133: 1.6 | AB133: 1.2 | AC133: 0.6 | AD133: 0 | AE133: 0 | AF133: 15 | AG133: 0 | AH133: 0 | AI133: 0 | AJ133: 3.2 | AK133: 0 | AL133: 0 | AM133: 0 | AN133: 0 | AP133: =COUNTIF(K133:AO133,">=0") -> 30 | AQ133: =IF(AP133>0,SUM(K133:AO133),"") -> 169.3 | AR133: =IFERROR(VLOOKUP(A133,Climatologia_PP!A:U,9+Precipitacion!$E$2,FALSE),"") | AS133: =IFERROR((AQ133/AR133)*100,"") | AT133: =IFERROR(IF(AND((AQ133*$I$2*100/(AR133*AP133))>100+3.33*AQ133-AR133*AP133/$I$2,AR133<30),IF(100+3.33*AQ133-AR133*AP133/$I$2>200,200,100+3.33*AQ133-AR133*AP133/$I$2),IF((AQ133*$I$2*100/(AR133*AP133))<100+AQ133-3.33*AR133*AP133/$I$2,100+AQ133-3.33*AR133*AP133/$I$2,IF((AQ133*$I$2*100/(AR133*AP133))>200,200,(AQ133*$I$2*100/(AR133*AP133))))),"") | AU133: =IF(AP133>0,MAX(K133:AO133),"") -> 56.7 | AV133: =IFERROR(VLOOKUP(A133,Maximos!A:AQ,8+(Precipitacion!$E$2-1)*3,FALSE),"") | AW133: {=IFERROR( _xlfn.LET( _xlpm.mesNum, E$2, _xlpm.mesTxt, INDEX({"ENERO","FEBRERO","MARZO","ABRIL","MAYO","JUNIO","JULIO","AGOSTO","SEPTIEMBRE","OCTUBRE","NOVIEMBRE","DICIEMBRE"}, _xlpm.mesNum), _xlpm.colIni, MATCH(_xlpm.mesTxt, Maximos!$1:$1, 0), _xlpm.fila, MATCH($A133, Maximos!$A:$A, 0), _xlpm.anio, INDEX(Maximos!$A:$ZZ, _xlpm.fila, _xlpm.colIni+1), _xlpm.dia, INDEX(Maximos!$A:$ZZ, _xlpm.fila, _xlpm.colIni+2), IF(OR(_xlpm.anio="",_xlpm.dia=""), "No aplica", DATE(_xlpm.anio, _xlpm.mesNum, _xlpm.dia)) ), "")} | AX133: =IFERROR(AU133-AV133,"NA") -> NA
...

Sheet Grafica
B1: =Precipitacion!D2 -> JUNIO
B2: Día | C2: 1 | D2: 2 | E2: 3 | F2: 4 | G2: 5 | H2: 6 | I2: 7 | J2: 8 | K2: 9 | L2: 10 | M2: 11 | N2: 12 | O2: 13 | P2: 14 | Q2: 15 | R2: 16 | S2: 17 | T2: 18 | U2: 19 | V2: 20 | W2: 21 | X2: 22 | Y2: 23 | Z2: 24 | AA2: 25 | AB2: 26 | AC2: 27 | AD2: 28 | AE2: 29 | AF2: 30 | AG2: 31
B3: Acumulado | C3: =IF(C4>0,SUM(Precipitacion!K5:K798),-999) -> 2117.9 | D3: =IF(D4>0,SUM(Precipitacion!L5:L798),-999) -> 4353.46 | E3: =IF(E4>0,SUM(Precipitacion!M5:M798),-999) -> 5302.7 | F3: =IF(F4>0,SUM(Precipitacion!N5:N798),-999) -> 10936.5 | G3: =IF(G4>0,SUM(Precipitacion!O5:O798),-999) -> 5550.8 | H3: =IF(H4>0,SUM(Precipitacion!P5:P798),-999) -> 5448.3 | I3: =IF(I4>0,SUM(Precipitacion!Q5:Q798),-999) -> 7251.7 | J3: =IF(J4>0,SUM(Precipitacion!R5:R798),-999) -> 8230.65 | ... AG3: =IF(AG4>0,SUM(Precipitacion!AO5:AO798),-999) -> -999
B4: Num. Estaciones | C4: =IF(COUNTIF(Precipitacion!K5:K798,">=0")>0,COUNTIF(Precipitacion!K5:K798,">=0"),-999) -> 687 | D4: =IF(COUNTIF(Precipitacion!L5:L798,">=0")>0,COUNTIF(Precipitacion!L5:L798,">=0"),-999) -> 686 | E4: =IF(COUNTIF(Precipitacion!M5:M798,">=0")>0,COUNTIF(Precipitacion!M5:M798,">=0"),-999) -> 685 | F4: =IF(COUNTIF(Precipitacion!N5:N798,">=0")>0,COUNTIF(Precipitacion!N5:N798,">=0"),-999) -> 682 | G4: =IF(COUNTIF(Precipitacion!O5:O798,">=0")>0,COUNTIF(Precipitacion!O5:O798,">=0"),-999) -> 678 | H4: =IF(COUNTIF(Precipitacion!P5:P798,">=0")>0,COUNTIF(Precipitacion!P5:P798,">=0"),-999) -> 669 | I4: =IF(COUNTIF(Precipitacion!Q5:Q798,">=0")>0,COUNTIF(Precipitacion!Q5:Q798,">=0"),-999) -> 604 | J4: =IF(COUNTIF(Precipitacion!R5:R798,">=0")>0,COUNTIF(Precipitacion!R5:R798,">=0"),-999) -> 684 | ... AG4: =IF(COUNTIF(Precipitacion!AO5:AO798,">=0")>0,COUNTIF(Precipitacion!AO5:AO798,">=0"),-999) -> -999
B5: Máximo Diario | C5: =MAX(Precipitacion!K5:K798) -> 114 | D5: =MAX(Precipitacion!L5:L798) -> 150 | E5: =MAX(Precipitacion!M5:M798) -> 136 | F5: =MAX(Precipitacion!N5:N798) -> 153 | G5: =MAX(Precipitacion!O5:O798) -> 119 | H5: =MAX(Precipitacion!P5:P798) -> 134.6 | I5: =MAX(Precipitacion!Q5:Q798) -> 145 | J5: =MAX(Precipitacion!R5:R798) -> 136 | ... AG5: =MAX(Precipitacion!AO5:AO798) -> 0
AB29: =3651+2019+3542 -> 9212

Sheet Climatologia_PP
A1: INFORMACIÓN GENERAL ESTACIONES | J1: NORMAL CLIMATOLÓGICA ESTÁNDAR DE LA PRECIPITACIÓN PARA EL PERIODO 1991-2020 (mm) | W1: Cumplen la directriz No 1203 del 2017 de la OMM
A2: CÓDIGO | B2: CATEGORÍA | C2: ESTACIÓN | D2: MUNICIPIO | E2: DEPARTAMENTO | F2: AO | G2: ALTITUD (m) | H2: LONGITUD | I2: LATITUD | J2: ENE | K2: FEB | L2: MAR | M2: ABR | N2: MAY | O2: JUN | P2: JUL | Q2: AGO | R2: SEP | S2: OCT | T2: NOV | U2: DIC | V2: ANUAL | W2: Número de meses | X2: % de cumplimiento
A3: 47060010 | B3: PM | C3: El Encanto | D3: El Encanto | E3: Amazonas | F3: 7 | G3: 120 | H3: -73.205167 | I3: -1.74851 | J3: 180.18148 | K3: 214.76786 | L3: 296.44483 | M3: 317.47857 | N3: 339.32963 | O3: 300.22222 | P3: 262.175 | Q3: 195.35385 | R3: 189.38333 | S3: 207.45556 | T3: 255.5375 | U3: 263.65926 | V3: 3021.9891 | W3: 318 | X3: 0.88333333
A4: 44137040 | B4: LM | C4: Los Monos | D4: La Chorrera | E4: Amazonas | F4: 4 | G4: 137 | H4: -73.192556 | I4: -0.62833333 | J4: 147.10526 | K4: 196.55 | L4: 289.94444 | M4: 354.65 | N4: 407.95 | O4: 378.95 | P4: 319.72222 | Q4: 276.8 | R4: 250.7 | S4: 286.35 | T4: 240.47368 | U4: 223.15789 | V4: 3372.3535 | W4: 233 | X4: 0.97083333 | Y4: M20
A5: 44187030 | B5: LM | C5: Bacuri | D5: La Pedrera | E5: Amazonas | F5: 4 | G5: 101 | H5: -69.47 | I5: -1.23 | J5: 354.27407 | K5: 347.74444 | L5: 411.668 | M5: 421.025 | N5: 411.4037 | O5: 326.00769 | P5: 322.616 | Q5: 307.40357 | R5: 264.92593 | S5: 314.7 | T5: 320.064 | U5: 368.41667 | V5: 4170.2491 | W5: 317 | X5: 0.88055556
A6: 44180020 | B6: PM | C6: La Pedrera | D6: La Pedrera | E6: Amazonas | F6: 4 | G6: 102 | H6: -69.591583 | I6: -1.3131667 | J6: 327.61852 | K6: 343.55926 | L6: 435.136 | M6: 449.32308 | N6: 462.464 | O6: 364.75926 | P6: 332.15556 | Q6: 330.025 | R6: 256.54583 | S6: 258.24074 | T6: 296.10385 | U6: 315.10385 | V6: 4171.0349 | W6: 315 | X6: 0.875
A7: 44157040 | B7: LM | C7: Manacaro | D7: La Pedrera | E7: Amazonas | F7: 4 | G7: 109 | H7: -70.18 | I7: -1.53 | J7: 315.75 | K7: 301.46429 | L7: 378.14286 | M7: 386.50345 | N7: 370.64615 | O7: 350.31034 | P7: 290.30769 | Q7: 236.21429 | R7: 223 | S7: 286.29167 | T7: 266.40741 | U7: 301.72414 | V7: 3706.7623 | W7: 328 | X7: 0.91111111
A8: 48015050 | B8: SP | C8: Aeropuerto Vásquez Cobo | D8: Leticia | E8: Amazonas | F8: 11 | G8: 84 | H8: -69.940917 | I8: -4.1938611 | J8: 385.68889 | K8: 336.42857 | L8: 386.28929 | M8: 348.425 | N8: 298.27857 | O8: 211.48929 | P8: 162.76207 | Q8: 139.89286 | R8: 207.77037 | S8: 245.78846 | T8: 299.68148 | U8: 336.34 | V8: 3358.8348 | W8: 329 | X8: 0.91388889
A9: 44157020 | B9: LM | C9: Las Miranas | D9: Mirití-Paraná (Campoamor) | E9: Amazonas | F9: 4 | G9: 116 | H9: -70.82 | I9: -1.31 | J9: 292.19231 | K9: 315.9375 | L9: 367.628 | M9: 413.71923 | N9: 396.36667 | O9: 329.044 | P9: 284.24167 | Q9: 240.58846 | R9: 242 | S9: 292.48148 | T9: 265.21481 | U9: 313.00417 | V9: 3752.4183 | W9: 306 | X9: 0.85
A10: 44157030 | B10: LM | C10: Maria Manteca | D10: Mirití-Paraná (Campoamor) | E10: Amazonas | F10: 4 | G10: 114 | H10: -70.61 | I10: -1.42 | J10: 334.40741 | K10: 317.36 | L10: 392.59259 | M10: 428.82143 | N10: 408.75862 | O10: 391.33333 | P10: 278.98621 | Q10: 219.82963 | R10: 227.35714 | S10: 278.375 | T10: 278.60714 | U10: 333.17857 | V10: 3889.6071 | W10: 331 | X10: 0.91944444
A11: 47040020 | B11: PM | C11: El Refugio | D11: Puerto Alegría | E11: Amazonas | F11: 7 | G11: 140 | H11: -74.386667 | I11: -0.55916667 | J11: 119.25 | K11: 181.47857 | L11: 293.28929 | M11: 378.16071 | N11: 362.35 | O11: 386.2692 | P11: 296.63417 | Q11: 236.428 | R11: 201.96 | S11: 246.94583 | T11: 231.76154 | U11: 183.975 | V11: 3118.5023 | W11: 306 | X11: 0.85
A12: 47047020 | B12: LM | C12: Puerto Toloza | D12: Puerto Alegría | E12: Amazonas | F12: 7 | G12: 135 | H12: -74.0685 | I12: -1.0495 | J12: 173.47463 | K12: 241.112 | L12: 304.13861 | M12: 380.97833 | N12: 405.56667 | O12: 380.03498 | P12: 331.243 | Q12: 252.38952 | R12: 282.52157 | S12: 267.68825 | T12: 274.512 | U12: 256.228 | V12: 3549.8876 | W12: 291 | X12: 0.80833333
A13: 47040040 | B13: PM | C13: Remolino | D13: Puerto Alegría | E13: Amazonas | F13: 7 | G13: 130 | H13: -73.618944 | I13: -1.2589444 | J13: 200.12 | K13: 238.725 | L13: 287.86923 | M13: 385.06923 | N13: 415.63077 | O13: 367.11852 | P13: 314.93077 | Q13: 269.34615 | R13: 217.68462 | S13: 253.75769 | T13: 242.73333 | U13: 245.42917 | V13: 3438.4145 | W13: 309 | X13: 0.85833333
A14: 47087010 | B14: PM | C14: Arica - R. Putumayo | D14: Puerto Arica | E14: Amazonas | F14: 11 | G14: 115 | H14: -71.752222 | I14: -2.1468889 | J14: 254.81154 | K14: 257.048 | L14: 319.66667 | M14: 364.18333 | N14: 323.856 | O14: 302.76 | P14: 245.572 | Q14: 198.15769 | R14: 206.65769 | S14: 236.33462 | T14: 244.64231 | U14: 266.76071 | V14: 3220.4506 | W14: 306 | X14: 0.85
A15: 48015040 | B15: CP | C15: Puerto Nariño - AUT | D15: Puerto Nariño | E15: Amazonas | F15: 11 | G15: 158 | H15: -70.362639 | I15: -3.7803056 | J15: 340.5 | K15: 274.91481 | L15: 323.40741 | M15: 293.21923 | N15: 276.05185 | O15: 211.68214 | P15: 150.03077 | Q15: 131.04138 | R15: 158.63448 | S15: 201.90667 | T15: 181.20741 | U15: 302.03462 | V15: 2844.6308 | W15: 328 | X15: 0.91111111
A16: 44150010 | B16: PM | C16: Aguazul | D16: Puerto Santander (Araracuara) | E16: Amazonas | F16: 4 | G16: 129 | H16: -72.144944 | I16: -0.55988889 | J16: 226.1 | K16: 244.6 | L16: 348.3 | M16: 385.9 | N16: 443.2 | O16: 421.9 | P16: 332.9 | Q16: 299.1 | R16: 288.6 | S16: 256.9 | T16: 262.2 | U16: 239.1 | V16: 3748.8 | W16: 292 | X16: =W16/360 -> 0.81111111
A17: 44137060 | B17: LM | C17: Angosturas | D17: Puerto Santander (Araracuara) | E17: Amazonas | F17: 4 | G17: 134 | H17: -72.720639 | I17: -0.59094444 | J17: 225.72222 | K17: 242.47368 | L17: 462.0625 | M17: 503.125 | N17: 526.32353 | O17: 483.61111 | P17: 453.05263 | Q17: 394.42105 | R17: 357.10526 | S17: 349.73684 | T17: 332.41176 | U17: 339.5 | V17: 4669.5456 | W17: 215 | X17: 0.89583333 | Y17: M20
A18: 44137070 | B18: LM | C18: Monochoa | D18: Puerto Santander (Araracuara) | E18: Amazonas | F18: 4 | G18: 133 | H18: -72.549997 | I18: -0.7 | J18: 166.9 | K18: 215.5 | L18: 323.1 | M18: 430 | N18: 441.5 | O18: 405 | P18: 350.3 | Q18: 292.1 | R18: 268.1 | S18: 285.5 | T18: 241.3 | U18: 234.2 | V18: 3653.5 | W18: 299 | X18: =W18/360 -> 0.83055556
A19: 44167020 | B19: LM | C19: Santa Isabel | D19: Puerto Santander (Araracuara) | E19: Amazonas | F19: 4 | G19: 118 | H19: -71.124056 | I19: -1.0980833 | J19: 258.80769 | K19: 312.41667 | L19: 403.92 | M19: 401.95833 | N19: 419.34615 | O19: 376.76923 | P19: 295.11111 | Q19: 238.36 | R19: 250.37037 | S19: 258.30769 | T19: 272.70915 | U19: 297.16667 | V19: 3785.2431 | W19: 304 | X19: 0.84444444
A20: 47107010 | B20: PM | C20: Tarapaca | D20: Tarapacá | E20: Amazonas | F20: 11 | G20: 100 | H20: -69.735694 | I20: -2.8947222 | J20: 288.29615 | K20: 323.14483 | L20: 317.93571 | M20: 334.11429 | N20: 310.05357 | O20: 202.56786 | P20: 168.8 | Q20: 121.91154 | R20: 159.10714 | S20: 227.51786 | T20: 239.32963 | U20: 313.46538 | V20: 3006.244 | W20: 328 | X20: 0.91111111
A21: 26180160 | B21: PM | C21: Abejorral | D21: Abejorral | E21: Antioquia | F21: 1 | G21: 2450 | H21: -75.430417 | I21: 5.7859722 | J21: 108.18214 | K21: 109.32414 | L21: 184.02143 | M21: 215.69286 | N21: 246.66552 | O21: 147.38214 | P21: 118.83793 | Q21: 125.62414 | R21: 204.68667 | S21: 284.76552 | T21: 271.71379 | U21: 167.96429 | V21: 2184.8606 | W21: 344 | X21: 0.95555556
A22: 11110020 | B22: PG | C22: Abriaquí | D22: Abriaquí | E22: Antioquia | F22: 1 | G22: 1920 | H22: -76.075 | I22: 6.6425 | J22: 89.636667 | K22: 112.35862 | L22: 173.36667 | M22: 250.5 | N22: 288.675 | O22: 189.87857 | P22: 129.69667 | Q22: 166.30333 | R22: 224.5931 | S22: 264.50667 | T22: 262.48667 | U22: 158.45185 | V22: 2310.4538 | W22: 350 | X22: 0.97222222
A23: 23085030 | B23: CO | C23: Alejandría | D23: Alejandría | E23: Antioquia | F23: 1 | G23: 1712 | H23: -75.143389 | I23: 6.37625 | J23: 170.42333 | K23: 193.02414 | L23: 327.38 | M23: 440.91333 | N23: 579.03448 | O23: 431.89667 | P23: 404.09 | Q23: 444.52143 | R23: 535.73667 | S23: 532.53571 | T23: 350.77586 | U23: 228.78148 | V23: 4639.1131 | W23: 350 | X23: 0.97222222
A24: 27010850 | B24: PM | C24: Amalfi | D24: Amalfi | E24: Antioquia | F24: 1 | G24: 1530 | H24: -75.077222 | I24: 6.9055556 | J24: 73.903333 | K24: 91.083333 | L24: 206.13 | M24: 300.45667 | N24: 295.89286 | O24: 224.25862 | P24: 236.77857 | Q24: 238.16667 | R24: 263.22759 | S24: 321.61333 | T24: 258.15172 | U24: 112.98333 | V24: 2622.646 | W24: 350 | X24: 0.97222222
A25: 27010890 | B25: PM | C25: Cueva Santa | D25: Amalfi | E25: Antioquia | F25: 1 | G25: 1550 | H25: -75.038361 | I25: 6.959 | J25: 52.021429 | K25: 106.37037 | L25: 228.2 | M25: 346.43214 | N25: 359.73103 | O25: 292.32857 | P25: 313.6 | Q25: 318.14643 | R25: 322.9 | S25: 358.79643 | T25: 259.18889 | U25: 105.31154 | V25: 3063.0268 | W25: 333 | X25: 0.925
A26: 27010960 | B26: PM | C26: Hacienda Monos | D26: Amalfi | E26: Antioquia | F26: 1 | G26: 1100 | H26: -74.902139 | I26: 6.8986111 | J26: 55.37037 | K26: 96.230769 | L26: 185.82308 | M26: 302.20417 | N26: 429.09259 | O26: 419.78077 | P26: 416.34444 | Q26: 360.7 | R26: 317.38889 | S26: 326.26538 | T26: 219.1 | U26: 120.22963 | V26: 3248.5301 | W26: 316 | X26: 0.87777778
A27: 26195020 | B27: PM | C27: Ita Andes | D27: Andes | E27: Antioquia | F27: 1 | G27: 1180 | H27: -75.880222 | I27: 5.691 | J27: 77.615385 | K27: 107.084 | L27: 174.70385 | M27: 233.26296 | N27: 257.08462 | O27: 194.7 | P27: 189.9 | Q27: 180.428 | R27: 215.01429 | S27: 213.125 | T27: 192.92222 | U27: 138.22917 | V27: 2174.0695 | W27: 315 | X27: 0.875
A28: 26190100 | B28: PM | C28: Santa Bárbara | D28: Andes | E28: Antioquia | F28: 1 | G28: 1250 | H28: -75.900083 | I28: 5.5639722 | J28: 111.38966 | K28: 147.83571 | L28: 190.19643 | M28: 259.88621 | N28: 270.15714 | O28: 207.5 | P28: 195.3931 | Q28: 183.41724 | R28: 212.19643 | S28: 250.84828 | T28: 218.14483 | U28: 168.28621 | V28: 2415.2512 | W28: 344 | X28: 0.95555556
A29: 27020210 | B29: PM | C29: Angostura | D29: Angostura | E29: Antioquia | F29: 1 | G29: 1650 | H29: -75.332472 | I29: 6.8830556 | J29: 48.96 | K29: 87.8 | L29: 141.93103 | M29: 248.74333 | N29: 424.77667 | O29: 381.47333 | P29: 336.37931 | Q29: 336.55667 | R29: 310.3 | S29: 286.33333 | T29: 229.09333 | U29: 92.586207 | V29: 2924.9332 | W29: 357 | X29: 0.99166667
A30: 27025030 | B30: CO | C30: Anorí | D30: Anorí | E30: Antioquia | F30: 1 | G30: 1601 | H30: -75.150528 | I30: 7.0719167 | J30: 51.608333 | K30: 100.95357 | L30: 163.2 | M30: 262.58077 | N30: 339.228 | O30: 296.296 | P30: 311.4037 | Q30: 311.49167 | R30: 304.17308 | S30: 302.24244 | T30: 237.06 | U30: 127.208 | V30: 2807.4456 | W30: 303 | X30: 0.84166667
... A43: 26230160 | B43: PG | C43: Briceño | D43: Briceño | E43: Antioquia | F43: 1 | G43: 1440 | H43: -75.511667 | I43: 7.1052778 | J43: 172.77667 | K43: 214.43448 | L43: 326.42069 | M43: 580.9963 | N43: 805.18214 | O43: 725.75862 | P43: 729.42143 | Q43: 707.51429 | R43: 647.48077 | S43: 662.38621 | T43: 470.54138 | U43: 272.11379 | V43: 6315.0268 | W43: 341 | X43: 0.94722222
A44: 26225040 | B44: CO | C44: Hacienda Piunti | D44: Buriticá | E44: Antioquia | F44: 1 | G44: 1650 | H44: -75.912972 | I44: 6.7295 | J44: 27.531579 | K44: 43.878947 | L44: 80.626316 | M44: 152.84737 | N44: 196.44737 | O44: 134.62222 | P44: 126.585 | Q44: 141.62353 | R44: 187.14444 | S44: 179.31 | T44: 144.94737 | U44: 74.065 | V44: 1489.6291 | W44: 227 | X44: 0.94583333 | Y44: M20
A45: 26250030 | B45: PM | C45: Cáceres | D45: Cáceres | E45: Antioquia | F45: 1 | G45: 95 | H45: -75.347833 | I45: 7.5790556 | J45: 62.333333 | K45: 64.413793 | L45: 141.57241 | M45: 311.34483 | N45: 465.07143 | O45: 451.06 | P45: 430.7 | Q45: 483.44828 | R45: 424.33103 | S45: 481.51724 | T45: 376.82069 | U45: 189.46429 | V45: 3882.0773 | W45: 349 | X45: 0.96944444
A46: 26240100 | B46: PM | C46: Guarumo-La Lucha | D46: Cáceres | E46: Antioquia | F46: 1 | G46: 70 | H46: -75.214917 | I46: 7.8629167 | J46: 27.37037 | K46: 38.592593 | L46: 79.1 | M46: 226.18571 | N46: 327.37241 | O46: 345.68667 | P46: 319.53793 | Q46: 404.15862 | R46: 380.58333 | S46: 338.11034 | T46: 253.27857 | U46: 97.56 | V46: 2837.5366 | W46: 339 | X46: 0.94166667
A47: 26240090 | B47: PM | C47: Puerto Bélgica | D47: Cáceres | E47: Antioquia | F47: 1 | G47: 80 | H47: -75.284444 | I47: 7.6683056 | J47: 39.586207 | K47: 53.5 | L47: 117.83333 | M47: 291.62143 | N47: 403.53846 | O47: 401.95172 | P47: 409.92667 | Q47: 439.93333 | R47: 400.82759 | S47: 430.91379 | T47: 337.93103 | U47: 125.93333 | V47: 3453.4969 | W47: 349 | X47: 0.96944444
A48: 26210070 | B48: PM | C48: Caicedo | D48: Caicedo | E48: Antioquia | F48: 1 | G48: 550 | H48: -75.981278 | I48: 6.4059722 | J48: 43.326667 | K48: 74.160714 | L48: 169.28571 | M48: 206.83103 | N48: 227.65517 | O48: 169 | P48: 142.34815 | Q48: 149.2 | R48: 168.70357 | S48: 185.97308 | T48: 138.54815 | U48: 81.670833 | V48: 1756.7031 | W48: 332 | X48: 0.92222222
A49: 27015260 | B49: AM | C49: La Salada | D49: Caldas | E49: Antioquia | F49: 1 | G49: 1923 | H49: -75.624667 | I49: 6.0483611 | J49: 117.54286 | K49: 118.24828 | L49: 184.38929 | M49: 284.875 | N49: 332.66552 | O49: 210.825 | P49: 157.10714 | Q49: 179.17778 | R49: 249.14643 | S49: 304.6963 | T49: 261.91154 | U49: 169.75385 | V49: 2570.339 | W49: 332 | X49: 0.92222222
A50: 11115020 | B50: CO | C50: Cañasgordas - Aut | D50: Cañasgordas | E50: Antioquia | F50: 1 | G50: 1294 | H50: -76.029667 | I50: 6.7580278 | J50: 90.455172 | K50: 94.528571 | L50: 166.52692 | M50: 233.11667 | N50: 291.584 | O50: 198.51852 | P50: 146.39231 | Q50: 173.052 | R50: 240.1125 | S50: 282.56154 | T50: 295.65517 | U50: 159.93846 | V50: 2372.4418 | W50: 315 | X50: 0.875
A51: 26170180 | B51: PM | C51: Caramanta | D51: Caramanta | E51: Antioquia | F51: 1 | G51: 850 | H51: -75.641306 | I51: 5.5478333 | J51: 113.46786 | K51: 151.49286 | L51: 222.02593 | M51: 248.08929 | N51: 277.37037 | O51: 165.075 | P51: 151.71429 | Q51: 154.41111 | R51: 245.28571 | S51: 294.93571 | T51: 313.66667 | U51: 225.7931 | V51: 2563.3279 | W51: 333 | X51: 0.925
A52: 12015070 | B52: SP | C52: Aeropuerto Los Cedros | D52: Carepa | E52: Antioquia | F52: 1 | G52: 41 | H52: -76.717889 | I52: 7.8163889 | J52: 109.23103 | K52: 81.678571 | L52: 185.80345 | M52: 320.56667 | N52: 387.49333 | O52: 327.45714 | P52: 337.61333 | Q52: 322.64074 | R52: 347.51429 | S52: 315.04828 | T52: 338.98966 | U52: 281.51786 | V52: 3355.5543 | W52: 345 | X52: 0.95833333
A53: 12010050 | B53: PM | C53: La Toscana | D53: Carepa | E53: Antioquia | F53: 1 | G53: 15 | H53: -76.703056 | I53: 7.8080556 | J53: 98.7 | K53: 66.107143 | L53: 119.25833 | M53: 253.96112 | N53: 300.89627 | O53: 287.13225 | P53: 298.2589 | Q53: 257.0972 | R53: 289.6375 | S53: 260.25455 | T53: 265.447 | U53: 214.5411 | V53: 2711.2914 | W53: 294 | X53: 0.81666667
A54: 12010090 | B54: PM | C54: Trigana | D54: Carepa | E54: Antioquia | F54: 1 | G54: 21 | H54: -76.711889 | I54: 7.7476667 | J54: 103.78 | K54: 62.478571 | L54: 137.00667 | M54: 263.07586 | N54: 345.07586 | O54: 329.94667 | P54: 296.67407 | Q54: 340.24483 | R54: 312.32414 | S54: 278.38966 | T54: 297.29643 | U54: 262.67333 | V54: 3028.9661 | W54: 348 | X54: 0.96666667
A55: 23080650 | B55: PM | C55: Campoalegre | D55: Carmen de Viboral | E55: Antioquia | F55: 1 | G55: 1850 | H55: -75.335611 | I55: 6.0737778 | J55: 101.3 | K55: 130.2 | L55: 193.36667 | M55: 269.65517 | N55: 341.96667 | O55: 283.03333 | P55: 282.3 | Q55: 271.96667 | R55: 314.6 | S55: 260.43333 | T55: 195.83333 | U55: 130.83333 | V55: 2775.4885 | W55: 359 | X55: 0.99722222
A56: 25020370 | B56: PM | C56: Hacienda La Moneda | D56: Caucasia | E56: Antioquia | F56: 1 | G56: 40 | H56: -74.942222 | I56: 8.0366667 | J56: 43.428571 | K56: 45.074074 | L56: 83.685714 | M56: 270.28571 | N56: 345.25926 | O56: 381.5 | P56: 400.58929 | Q56: 467.875 | R56: 369.70345 | S56: 375.75862 | T56: 329.42857 | U56: 157.76667 | V56: 3270.3549 | W56: 338 | X56: 0.93888889
... A78: 26220110 | B78: PM | C78: Santa Rita | D78: Ituango | E78: Antioquia | F78: 1 | G78: 2039 | H78: -75.616861 | I78: 7.32375 | J78: 49.762069 | K78: 64.946667 | L78: 106.73571 | M78: 219.15714 | N78: 313.75862 | O78: 292.06429 | P78: 304.62069 | Q78: 300.3 | R78: 275.24138 | S78: 329.80714 | T78: 262.12143 | U78: 133.32 | V78: 2651.8351 | W78: 345 | X78: 0.95833333
A79: 26195030 | B79: CO | C79: El Jardín | D79: Jardín | E79: Antioquia | F79: 1 | G79: 2161 | H79: -75.800556 | I79: 5.5877222 | J79: 101.40588 | K79: 139.8 | L79: 230.99474 | M79: 266.92105 | N79: 298.15263 | O79: 247.745 | P79: 199.26842 | Q79: 210.07 | R79: 272.01667 | S79: 267.97 | T79: 232.325 | U79: 168.92941 | V79: 2635.5988 | W79: 227 | X79: 0.94583333 | Y79: M20
A80: 26170190 | B80: PM | C80: El Dique | D80: Jericó | E80: Antioquia | F80: 1 | G80: 1140 | H80: -75.723611 | I80: 5.8038611 | J80: 104.82 | K80: 108.05 | L80: 192.84138 | M80: 270.22759 | N80: 355.13333 | O80: 263.57 | P80: 205.76333 | Q80: 240.08333 | R80: 275.65 | S80: 325.19 | T80: 318.45517 | U80: 188.02414 | V80: 2847.8083 | W80: 356 | X80: 0.98888889
A81: 26180220 | B81: PM | C81: La Pintada | D81: La Pintada | E81: Antioquia | F81: 1 | G81: 608 | H81: -75.599997 | I81: 5.73 | J81: 65.492593 | K81: 80.87037 | L81: 136.6 | M81: 194 | N81: 241.13448 | O81: 144.65357 | P81: 139.79286 | Q81: 154.4 | R81: 215.95556 | S81: 265.03793 | T81: 229.91429 | U81: 130.65185 | V81: 1998.5035 | W81: 331 | X81: 0.91944444
A82: 26180170 | B82: PM | C82: La Unión | D82: La Unión | E82: Antioquia | F82: 1 | G82: 2530 | H82: -75.381389 | I82: 5.9983333 | J82: 80.914815 | K82: 90.731034 | L82: 153.25769 | M82: 223.11429 | N82: 257.69286 | O82: 175.13103 | P82: 167.62143 | Q82: 171.64074 | R82: 222.53333 | S82: 212.17931 | T82: 188.25 | U82: 119.60333 | V82: 2062.6699 | W82: 338 | X82: 0.93888889
A83: 26185020 | B83: CO | C83: Mesopotamia | D83: La Unión | E83: Antioquia | F83: 1 | G83: 2408 | H83: -75.318639 | I83: 5.8863611 | J83: 166.65333 | K83: 224.22 | L83: 290.66 | M83: 334.64286 | N83: 414.68966 | O83: 353.28667 | P83: 367.32759 | Q83: 303.36207 | R83: 380.85517 | S83: 289.38 | T83: 238.22 | U83: 205.07586 | V83: 3568.3732 | W83: 353 | X83: 0.98055556
A84: 26230140 | B84: PM | C84: La Placita | D84: Liborina | E84: Antioquia | F84: 1 | G84: 1250 | H84: -75.758056 | I84: 6.7208889 | J84: 81.006667 | K84: 101.03333 | L84: 156.86667 | M84: 229.30357 | N84: 241.22069 | O84: 169.71724 | P84: 142.03333 | Q84: 154.48667 | R84: 216.13793 | S84: 249.92143 | T84: 213.4 | U84: 115.18667 | V84: 2070.3142 | W84: 352 | X84: 0.97777778
A85: 23080640 | B85: PM | C85: Marinilla | D85: Marinilla | E85: Antioquia | F85: 1 | G85: 2088 | H85: -75.317281 | I85: 6.1647689 | J85: 59.006667 | K85: 77.222222 | L85: 145.55714 | M85: 195.27931 | N85: 223.03571 | O85: 159.04483 | P85: 163.75862 | Q85: 171.3 | R85: 220.8 | S85: 216.71429 | T85: 173.21667 | U85: 94.527586 | V85: 1899.463 | W85: 347 | X85: 0.96388889
A86: 27011110 | B86: PM | C86: Astilleros | D86: Medellín | E86: Antioquia | F86: 1 | G86: 2450 | H86: -75.675861 | I86: 6.2573056 | J86: 90.666667 | K86: 99.186667 | L86: 185.86207 | M86: 245.02333 | N86: 272.29333 | O86: 172.24333 | P86: 157.03448 | Q86: 150.75862 | R86: 223.51724 | S86: 267.5 | T86: 236.72414 | U86: 123.42857 | V86: 2224.2385 | W86: 353 | X86: 0.98055556
A87: 26205080 | B87: ME | C87: La Aldea | D87: Medellín | E87: Antioquia | F87: 1 | G87: 1737 | H87: -75.700944 | I87: 6.3410556 | J87: 79.775862 | K87: 82.006897 | L87: 164.00714 | M87: 225.67931 | N87: 273.56552 | O87: 171.17857 | P87: 124.38519 | Q87: 132.05357 | R87: 211.025 | S87: 302.9 | T87: 265.13448 | U87: 136.38621 | V87: 2168.0977 | W87: 341 | X87: 0.94722222
A88: 27011120 | B88: PG | C88: La Iguana | D88: Medellín | E88: Antioquia | F88: 1 | G88: 2300 | H88: -75.657528 | I88: 6.3162778 | J88: 76.2 | K88: 90.483333 | L88: 170.84138 | M88: 236.46 | N88: 249.13333 | O88: 160.7 | P88: 137.79667 | Q88: 133.19655 | R88: 227.81034 | S88: 293.44483 | T88: 248.54 | U88: 116.01379 | V88: 2140.6202 | W88: 352 | X88: 0.97777778
A89: 27015330 | B89: SP | C89: Aeropuerto Olaya Herrera - AUT | D89: Medellín | E89: Antioquia | F89: 1 | G89: 1490 | H89: -75.59 | I89: 6.22 | J89: 71.503333 | K89: 80.659259 | L89: 132.28 | M89: 181.17333 | N89: 218.86 | O89: 144.96 | P89: 133.98966 | Q89: 126.05333 | R89: 170.74138 | S89: 211.49 | T89: 171.33333 | U89: 115.35862 | V89: 1758.4022 | W89: 354 | X89: 0.98333333
A90: 27010810 | B90: CO | C90: Santa Helena | D90: Medellín | E90: Antioquia | F90: 1 | G90: 2550 | H90: -75.51675 | I90: 6.1968889 | J90: 115.52759 | K90: 133.51379 | L90: 204.43571 | M90: 319.32414 | N90: 345.11786 | O90: 215.32759 | P90: 198.53333 | Q90: 215.97143 | R90: 290.60667 | S90: 346.30357 | T90: 309.18571 | U90: 160.83448 | V90: 2854.6819 | W90: 345 | X90: 0.95833333
A91: 26180200 | B91: PM | C91: Montebello | D91: Montebello | E91: Antioquia | F91: 1 | G91: 560 | H91: -75.536833 | I91: 5.9508333 | J91: 96.793103 | K91: 97.57931 | L91: 198.27586 | M91: 255.18621 | N91: 293.9 | O91: 158.01379 | P91: 149.17241 | Q91: 145.96667 | R91: 264.53333 | S91: 355.65 | T91: 320.98667 | U91: 180.14138 | V91: 2516.1987 | W91: 353 | X91: 0.98055556
... A96: 26170150 | B96: PM | C96: Pueblorrico | D96: Pueblorrico | E96: Antioquia | F96: 1 | G96: 2100 | H96: -75.838806 | I96: 5.7910556 | J96: 113.3 | K96: 128.65517 | L96: 223.75862 | M96: 287.55172 | N96: 336.13793 | O96: 261.46667 | P96: 222.33333 | Q96: 244.53333 | R96: 286.03333 | S96: 322.96552 | T96: 293.86207 | U96: 180 | V96: 2900.5977 | W96: 354 | X96: 0.98333333
A97: 23095010 | B97: CP | C97: Aeropuerto Puerto Berrío | D97: Puerto Berrío | E97: Antioquia | F97: 8 | G97: 150 | H97: -74.412222 | I97: 6.465 | J97: 49.931579 | K97: 92.185 | L97: 198.39 | M97: 322.37895 | N97: 301.16316 | O97: 236.22105 | P97: 235.73158 | Q97: 273.9 | R97: 333.955 | S97: 325.37895 | T97: 222.94211 | U97: 111.45 | V97: 2703.6274 | W97: 231 | X97: 0.9625 | Y97: M20
A98: 23090110 | B98: PM | C98: Murillo | D98: Puerto Berrío | E98: Antioquia | F98: 8 | G98: 130 | H98: -74.395278 | I98: 6.6030556 | J98: 59.066667 | K98: 91.803571 | L98: 201.66071 | M98: 360.18667 | N98: 378.51667 | O98: 283.88 | P98: 283.52143 | Q98: 331.54667 | R98: 433.68 | S98: 380.18333 | T98: 259.87931 | U98: 130.06333 | V98: 3193.9884 | W98: 353 | X98: 0.98055556
A99: 23090020 | B99: PM | C99: Virginias | D99: Puerto Berrío | E99: Antioquia | F99: 1 | G99: 975 | H99: -74.681806 | I99: 6.3935556 | J99: 81.3 | K99: 108.24138 | L99: 228.48571 | M99: 336.15862 | N99: 314.15333 | O99: 255.9 | P99: 224.41724 | Q99: 269.95172 | R99: 327.46667 | S99: 317.65517 | T99: 259.76667 | U99: 117.35333 | V99: 2840.8499 | W99: 353 | X99: 0.98055556
A100: 23175020 | B100: CO | C100: Aeropuerto Otú | D100: Remedios | E100: Antioquia | F100: 1 | G100: 643 | H100: -74.716306 | I100: 7.01175 | J100: 61.907692 | K100: 79.553846 | L100: 155.74 | M100: 300.33704 | N100: 384.78519 | O100: 291.6 | P100: 323.16667 | Q100: 365.46207 | R100: 350.31786 | S100: 382.59259 | T100: 299.65556 | U100: 147.46786 | V100: 3142.5864 | W100: 323 | X100: 0.89722222
A101: 27030080 | B101: PM | C101: La Cruzada | D101: Remedios | E101: Antioquia | F101: 1 | G101: 650 | H101: -74.715056 | I101: 7.0680556 | J101: 87.884615 | K101: 102.04 | L101: 131.04 | M101: 279.48 | N101: 274.7735 | O101: 268.004 | P101: 240.12 | Q101: 305.76518 | R101: 297.08 | S101: 325.75 | T101: 261.625 | U101: 146.24 | V101: 2719.8023 | W101: 297 | X101: 0.825
A102: 23085270 | B102: SP | C102: Aeropuerto José María Córdova - AUT | D102: Rionegro | E102: Antioquia | F102: 1 | G102: 2157 | H102: -75.43 | I102: 6.17 | J102: 67.782143 | K102: 95.196552 | L102: 140.25926 | M102: 207.37333 | N102: 256 | O102: 173.45517 | P102: 155.72667 | Q102: 169.05714 | R102: 208.74138 | S102: 222.38667 | T102: 199.65714 | U102: 113.71429 | V102: 2009.3497 | W102: 345 | X102: 0.95833333
A103: 23085260 | B103: AM | C103: La Selva - AUT | D103: Rionegro | E103: Antioquia | F103: 1 | G103: 2125 | H103: -75.414556 | I103: 6.1319167 | J103: 76.644444 | K103: 76.578947 | L103: 151.83529 | M103: 195.84 | N103: 259.09474 | O103: 200.94211 | P103: 177.395 | Q103: 170.13889 | R103: 212.825 | S103: 219.825 | T103: 180.74737 | U103: 109.64444 | V103: 2031.5112 | W103: 227 | X103: 0.94583333 | Y103: M20
A104: 26230200 | B104: PG | C104: Sabanalarga | D104: Sabanalarga | E104: Antioquia | F104: 1 | G104: 10 | H104: -75.814806 | I104: 6.846 | J104: 25.834483 | K104: 38.462069 | L104: 87.503448 | M104: 133.10345 | N104: 188.61724 | O104: 164.27241 | P104: 132.475 | Q104: 119.91034 | R104: 160.21034 | S104: 173.96897 | T104: 122.91379 | U104: 72.233333 | V104: 1419.5049 | W104: 348 | X104: 0.96666667
A105: 26210110 | B105: PM | C105: Peñalisa | D105: Salgar | E105: Antioquia | F105: 1 | G105: 2100 | H105: -75.861167 | I105: 5.9349167 | J105: 132.88276 | K105: 153.15 | L105: 230.48276 | M105: 329.71429 | N105: 423.24138 | O105: 344.9 | P105: 277.62069 | Q105: 274.53846 | R105: 312.5 | S105: 333.18966 | T105: 359.96552 | U105: 195.96552 | V105: 3368.151 | W105: 343 | X105: 0.95277778
A106: 26230130 | B106: PM | C106: Cruces Arriba | D106: San Andrés | E106: Antioquia | F106: 1 | G106: 2805 | H106: -75.620228 | I106: 6.8906778 | J106: 50.118519 | K106: 72.632 | L106: 136.42222 | M106: 224.22593 | N106: 294.84231 | O106: 198.65172 | P106: 164.18966 | Q106: 188.44074 | R106: 219.36897 | S106: 293.86333 | T106: 207.46296 | U106: 92.089655 | V106: 2142.308 | W106: 332 | X106: 0.92222222
A107: 26230110 | B107: PM | C107: San Andrés | D107: San Andrés | E107: Antioquia | F107: 1 | G107: 1600 | H107: -75.669861 | I107: 6.9098333 | J107: 47.310345 | K107: 53.110345 | L107: 119.83333 | M107: 216.82759 | N107: 250.24138 | O107: 185.68966 | P107: 150.58621 | Q107: 159.99333 | R107: 211.23448 | S107: 255.7931 | T107: 223.58621 | U107: 85.376667 | V107: 1959.5826 | W107: 351 | X107: 0.975
A108: 23080810 | B108: PG | C108: El Jordán | D108: San Carlos | E108: Antioquia | F108: 1 | G108: 1950 | H108: -74.828111 | I108: 6.2495 | J108: 79.984615 | K108: 105.21154 | L108: 197.47692 | M108: 335.984 | N108: 341.828 | O108: 257.74 | P108: 218.704 | Q108: 267.29583 | R108: 349.57917 | S108: 360.64592 | T108: 250.008 | U108: 150.26652 | V108: 2914.7245 | W108: 299 | X108: 0.83055556
A109: 23085220 | B109: CP | C109: San Carlos | D109: San Carlos | E109: Antioquia | F109: 1 | G109: 1113 | H109: -75.038917 | I109: 6.1576667 | J109: 199.64815 | K109: 220.04167 | L109: 364.20357 | M109: 506.74615 | N109: 486.56923 | O109: 321.14074 | P109: 318.84615 | Q109: 388.12222 | R109: 476.23571 | S109: 580.68929 | T109: 496.7069 | U109: 300.79615 | V109: 4659.7459 | W109: 322 | X109: 0.89444444
A110: 23085140 | B110: CO | C110: San Francisco | D110: San Francisco | E110: Antioquia | F110: 1 | G110: 1325 | H110: -75.100694 | I110: 5.9638056 | J110: 310.57407 | K110: 286.46207 | L110: 435.54483 | M110: 517.41481 | N110: 516.74643 | O110: 309.51481 | P110: 354.27407 | Q110: 438.14828 | R110: 576.62857 | S110: 629.35385 | T110: 582.324 | U110: 424.17037 | V110: 5381.1562 | W110: 329 | X110: 0.91388889
A111: 26230180 | B111: PM | C111: Llanos de San Juan | D111: San Jerónimo | E111: Antioquia | F111: 1 | G111: 1600 | H111: -75.71775 | I111: 6.427 | J111: 41.930769 | K111: 56.548148 | L111: 103.25926 | M111: 158.13704 | N111: 203.68214 | O111: 155.35 | P111: 112.38519 | Q111: 145.5 | R111: 180.96429 | S111: 225.29167 | T111: 169.1 | U111: 93.259259 | V111: 1645.4078 | W111: 323 | X111: 0.89722222
A112: 12030010 | B112: PM | C112: San Juan de Urabá | D112: San Juan de Urabá | E112: Antioquia | F112: 2 | G112: 4 | H112: -76.533056 | I112: 8.7552222 | J112: 28.646429 | K112: 12.727586 | L112: 56.076667 | M112: 166.31071 | N112: 291.30333 | O112: 236.0931 | P112: 221.72414 | Q112: 273.07931 | R112: 232.39655 | S112: 210.875 | T112: 267.51481 | U112: 144.88333 | V112: 2141.631 | W112: 340 | X112: 0.94444444
A113: 23085080 | B113: CP | C113: Granja Experiomental El Nus - AUT | D113: San Roque | E113: Antioquia | F113: 1 | G113: 859 | H113: -74.836694 | I113: 6.4835833 | J113: 48.5625 | K113: 83.2 | L113: 147.192 | M113: 238.62458 | N113: 277.50833 | O113: 204.30833 | P113: 227.90417 | Q113: 211.8375 | R113: 299.26667 | S113: 286.17308 | T113: 194.28625 | U113: 92.55375 | V113: 2311.4172 | W113: 291 | X113: 0.80833333
A114: 23080760 | B114: PM | C114: San Roque | D114: San Roque | E114: Antioquia | F114: 1 | G114: 1435 | H114: -75.017 | I114: 6.4875 | J114: 121.73 | K114: 156.18333 | L114: 306.90357 | M114: 429.26897 | N114: 494.8 | O114: 351.22759 | P114: 300.91667 | Q114: 335.28276 | R114: 434.72069 | S114: 457.325 | T114: 367.83448 | U114: 196.03448 | V114: 3952.2275 | W114: 347 | X114: 0.96388889
A115: 23085160 | B115: CO | C115: Corrientes | D115: San Vicente | E115: Antioquia | F115: 1 | G115: 1965 | H115: -75.253556 | I115: 6.3119444 | J115: 86.025 | K115: 132.225 | L115: 197.04615 | M115: 261.89482 | N115: 326.83846 | O115: 270.84678 | P115: 270.21506 | Q115: 253.568 | R115: 285.91416 | S115: 303.5125 | T115: 240.7625 | U115: 129.12917 | V115: 2757.9776 | W115: 297 | X115: 0.825
... A173: 29040020 | B173: PM | C173: Montebello | D173: Baranoa | E173: Atlántico | F173: 2 | G173: 100 | H173: -74.907833 | I173: 10.7085 | J173: 6.2310345 | K173: 10.637931 | L173: 22.103571 | M173: 84.407143 | N173: 151.59655 | O173: 132.45333 | P173: 134.49667 | Q173: 179.79655 | R173: 169.39 | S173: 163.2069 | T173: 122.13704 | U173: 33.77037 | V173: 1210.2271 | W173: 345 | X173: 0.95833333
